"icao_code","manufacturer","model","engine_type","engine_count"
"B738","Boeing","737-800","Jet","2"
"B738","Boeing","737-800 with winglets","Jet","2"
"B738","Boeing","737-800 with upper and lower winglets","Jet","2"
"A320","Airbus","A320neo Sharklet","Jet","2"
"A320","Airbus","A320-200 Sharklet","Jet","2"
"A320","Airbus","ACJ320neo (Corporate Jet version)0","Jet","2"
"A320","Airbus","A320-200","Jet","2"
"B737","Boeing","737-700 with winglets","Jet","2"
"B737","Boeing","737-700, -700C","Jet","2"
"B737","Boeing","C-40 Clipper","N/A","N/A"
"A319","Airbus","A319-100 Sharklet","Jet","2"
"A319","Airbus","A319-100","Jet","2"
"A319","Airbus","A319neo Sharklet","Jet","2"
"A321","Airbus","A321-100 Sharklet","Jet","2"
"A321","Airbus","A321-200","Jet","2"
"A321","Airbus","A321-100","Jet","2"
"A321","Airbus","A321-200 Sharklet","Jet","2"
"A321","Airbus","A321neo Sharklet","Jet","2"
"E75L","N/A","N/A","N/A","N/A"
"CRJ9","Canadair","CL-600 Regional Jet CRJ-900","N/A","N/A"
"B739","Boeing","737-900ER with winglets","Jet","2"
"B739","Boeing","737-900 with winglets","Jet","2"
"B739","Boeing","737-900ER","Jet","2"
"B739","Boeing","737-900 with upper and lower winglets","Jet","2"
"B739","Boeing","737-900","Jet","2"
"B752","Boeing","757-200, -200PF","Jet","2"
"B752","Boeing","757-200, -200PF with winglets","Jet","2"
"B752","Boeing","C-32","N/A","N/A"
"B77W","Boeing","777-300ER","Jet","2"
"CRJ2","Bombardier","CRJ 100/200 Standard","Jet","N/A"
"CRJ2","Bombardier","CRJ 100/200/440 LR (CL-600-2B19)","Jet","N/A"
"CRJ2","Canadair","CL-600 Regional Jet CRJ-200","N/A","N/A"
"CRJ2","Bombardier","CRJ 100/200/440 ER (CL-600-2B19)","Jet","N/A"
"B763","Boeing","767-300ER","Jet","2"
"B763","Boeing","767-300 Freighter","Jet","2"
"B763","Boeing","767-300ER with winglets","Jet","2"
"B763","Boeing","767-300","Jet","2"
"CRJ7","Bombardier","CRJ 700/701/702 LR","Jet","N/A"
"CRJ7","Bombardier","CRJ 700/701/702 ER","Jet","N/A"
"CRJ7","Bombardier","CRJ 700/701/702 Standard","Jet","N/A"
"CRJ7","Canadair","CL-600 Regional Jet CRJ-700","N/A","N/A"
"A333","Airbus","A330-300","Jet","2"
"E75S","N/A","N/A","N/A","N/A"
"E190","Embraer","EMB 190 LR","Jet","2"
"E190","Embraer","EMB 190 Standard","Jet","2"
"E190","Embraer","EMB 190 AR","Jet","2"
"E190","Embraer","EMB 195 LR","Jet","2"
"E190","Embraer","EMB 195 AR","Jet","2"
"E190","Embraer","EMB 195-E2","Jet","2"
"E190","Embraer","EMB 190-E2","Jet","2"
"E190","Embraer","EMB 195 Standard","Jet","2"
"A20N","N/A","N/A","N/A","N/A"
"DH8D","Bombardier (De Havilland Canada (DHC))","Dash 8 Series 400 (DHC-8-400/401/402)","Turboprop","N/A"
"C208","Cessna","208B Grand Caravan EX Amphibian","Turboprop","1"
"C208","Cessna","208B Grand Caravan EX/Super Cargomaster EX","Turboprop","1"
"C208","Cessna","208 Caravan","Turboprop","1"
"E145","Embraer","EMB/ERJ-145 MK","Jet","2"
"E145","Embraer","EMB/ERJ-145 LR","Jet","2"
"E145","Embraer","EMB/ERJ-145 MP","Jet","2"
"E145","Embraer","EMB/ERJ-145 EU","Jet","2"
"E145","Embraer","EMB/ERJ-145 ER","Jet","2"
"E145","Embraer","EMB/ERJ-145 LU","Jet","2"
"E145","Embraer","EMB/ERJ-145 EP","Jet","2"
"PC12","Pilatus","PC-12 NG","Turboprop","1"
"B744","Boeing","747-400 DOMESTIC","Jet","4"
"B744","Boeing","747-400ER F","Jet","4"
"B744","Boeing","747-400F","Jet","4"
"B744","Boeing","747-400ER","Jet","4"
"B744","Boeing","747-400, 400 COMBI","Jet","4"
"B772","Boeing","777-200LR","Jet","2"
"B772","Boeing","777-200 (HGW Option)","Jet","2"
"B772","Boeing","777-200ER","Jet","2"
"B772","Boeing","777-200","Jet","2"
"B712","Boeing","717-200 HGW Option","Jet","2"
"B712","Boeing","717-200","Jet","2"
"A332","Airbus","A330-200","Jet","2"
"A332","Airbus","A330-200F","Jet","2"
"AT76","N/A","N/A","N/A","N/A"
"A306","Airbus","A300-600 (F4-600)","Jet","2"
"A306","Airbus","A300-600R (B4-600R)","Jet","2"
"A306","Airbus","A300-600 (B4/C4-600)","Jet","2"
"C56X","Cessna","Citation XLS, XLS+","Jet","2"
"C56X","Cessna","Citation Excel","Jet","2"
"B788","Boeing","787-8 Dreamliner","Jet","2"
"B789","Boeing","787-9 Dreamliner","Jet","2"
"BE20","Beechcraft","King Air 200 (A200CT) Military version","Turboprop","2"
"BE20","Beechcraft","King Air B200 (A200CT C-12D/F, FWC-12D, and RC-12D/G/H)","Turboprop","2"
"BE20","Beechcraft","King Air 200 and 250 (also marketed as Model  1300 Commuter)","Turboprop","2"
"B77L","Boeing","777F","N/A","N/A"
"E170","Embraer","EMB 175 AR","Jet","2"
"E170","Embraer","EMB 175-E2","Jet","2"
"E170","Embraer","EMB 170 LR, SU, or SE","Jet","2"
"E170","Embraer","EMB 175 Standard","Jet","2"
"E170","Embraer","EMB 175 Standard, extended wingtips","Jet","2"
"E170","Embraer","EMB 175 AR, extended wingtips","Jet","2"
"E170","Embraer","EMB 175 LR, extended wingtips","Jet","2"
"E170","Embraer","EMB 175 LR","Jet","2"
"E195","N/A","N/A","N/A","N/A"
"E55P","Embraer","Phenom 300 (EMB-505)","Jet","2"
"AS50","Aerospatiale / SNIAS","AS-350 SuperStar","N/A","N/A"
"AS50","Eurocopter","AS-550 Fennec","N/A","N/A"
"AS50","Aerospatiale / SNIAS","AS-550 Fennec","N/A","N/A"
"AS50","Eurocopter","AS-350 Ecureuil","N/A","N/A"
"AS50","Eurocopter","AS-350 SuperStar","N/A","N/A"
"AS50","Aerospatiale / SNIAS","AS-350 AStar","N/A","N/A"
"AS50","Aerospatiale / SNIAS","AS-350 Ecureuil","N/A","N/A"
"AS50","Eurocopter","AS-350 AStar","N/A","N/A"
"A388","Airbus","A380-800","Jet","4"
"EC35","Eurocopter","EC-135","N/A","N/A"
"EC35","Airbus (Helicopters)","H135 Eurocopter","N/A","N/A"
"EC35","Eurocopter","EC-635","N/A","N/A"
"E45X","Embraer","EMB/ERJ-145 XR","Jet","2"
"A359","Airbus","A350-900","Jet","2"
"A359","Airbus","A350-900 XWB","Jet","2"
"B748","Boeing","747-8","Jet","4"
"B748","Boeing","747-8F","Jet","4"
"B350","Beechcraft","King Air 350i (current production model)","Turboprop","2"
"B350","Beechcraft","King Air 350ER (B300, B300C)","Turboprop","2"
"B734","Boeing","737-400","Jet","2"
"MD11","McDonnell Douglas","MD-11","N/A","N/A"
"EC30","Eurocopter","EC-130","N/A","N/A"
"EC30","Airbus (Helicopters)","H130","N/A","N/A"
"EC45","Eurocopter","EC-145","N/A","N/A"
"EC45","Eurocopter-Kawasaki","EC-145","N/A","N/A"
"EC45","Eurocopter-Kawasaki","BK-117C-2","N/A","N/A"
"EC45","Kawasaki","BK-117C-2","N/A","N/A"
"EC45","Eurocopter","BK-117C-2","N/A","N/A"
"EC45","Airbus (Helicopters)","H145 Eurocopter","N/A","N/A"
"CL35","N/A","N/A","N/A","N/A"
"B407","Bell Helicopter","407","N/A","N/A"
"CL30","Bombardier","Challenger (BD-100-1A10) 350 (the 300 with sn/ 20501 and subsequent)","Jet","2"
"CL30","Bombardier","Challenger (BD-100-1A10) 300","Jet","2"
"MD88","Boeing (McDonnell Douglas)","MD-88","Jet","N/A"
"MD88","McDonnell Douglas","MD-88","N/A","N/A"
"BE9L","Beechcraft","King Air C90GTi","Turboprop","2"
"BE9L","Beechcraft","King Air 90 (A90)","Turboprop","2"
"BE9L","Beechcraft","King Air 90 (C90B)","Turboprop","2"
"BE9L","Beechcraft","King Air C90GTx","Turboprop","2"
"B762","Boeing","767-200","Jet","2"
"B762","Boeing","767-200ER","Jet","2"
"C560","Cessna","Citation V, Ultra","Jet","2"
"C560","Cessna","Citation Encore, Encore+","Jet","2"
"C560","Cessna","UC-35 (military designation of Ultra)","Jet","2"
"C560","Cessna","Citation Ultra Encore","Jet","2"
"DH8C","Bombardier (De Havilland Canada (DHC))","Dash 8 Series 300 (DHC-8-314/315)","Turboprop","N/A"
"DH8C","Bombardier (De Havilland Canada (DHC))","Dash 8 Series 300 (DHC-8-311)","Turboprop","N/A"
"DH8C","Bombardier (De Havilland Canada (DHC))","Dash 8 Series 300 (DHC-8-301)","Turboprop","N/A"
"C172","Cessna","172 Skyhawk, 172S Skyhawk SP, 172 Hawk XP-R172","Piston","1"
"C172","FMA","P-172","N/A","N/A"
"C172","Cessna","172 Skyhawk Turbo JT-A (aka a Turbo Skyhawk)","Piston","1"
"C25B","Cessna","Citation CJ3, CJ3+ (Model C525B)","Jet","2"
"C680","Cessna","Citation Sovereign+","Jet","2"
"C680","Cessna","Citation Sovereign","Jet","2"
"BE40","Beechcraft","Beechjet 400 (from/same as MU-300-10 Diamond II)","Jet","2"
"BE40","Beechcraft","Beechjet 400A (became Raytheon Beechjet 400A)","Jet","2"
"B753","Boeing","757-300 with winglets","Jet","2"
"B753","Boeing","757-300","Jet","2"
"A318","Airbus","A318-100","Jet","2"
"A21N","N/A","N/A","N/A","N/A"
"H25B","Hawker Beechcraft","Hawker 800 (formerly BAe-125-700/800)","Jet","2"
"H25B","Hawker Beechcraft","Hawker 800XPi","Jet","2"
"H25B","Hawker Beechcraft","Hawker 850XP","Jet","2"
"H25B","Hawker-Siddeley","HS-125-700","N/A","N/A"
"H25B","BAe","BAe-125-700","N/A","N/A"
"A139","Agusta / AgustaWestland","AB139 / AW139","N/A","N/A"
"G550","N/A","N/A","N/A","N/A"
"C750","Cessna","Citation X+","Jet","2"
"C750","Cessna","Citation X","Jet","2"
"C25A","Cessna","Citation CJ2 (Model C525A)","Jet","2"
"C25A","Cessna","Citation CJ2+ (Model C525A)","Jet","2"
"C525","Cessna","Citation CJ1 (Model C525)","Jet","2"
"C525","Cessna","Citation CJ1+ (Model C525)","Jet","2"
"C510","Cessna","Citation Mustang (Model C510)","Jet","2"
"AT75","N/A","N/A","N/A","N/A"
"B733","Boeing","737-300","Jet","2"
"B733","Boeing","737-300 with winglets","Jet","2"
"C68A","Cessna","Citation Latitude","Jet","2"
"GLF4","Gulfstream (Gulfstream Aerospace Corp.)","G300","Jet","2"
"GLF4","Gulfstream (Gulfstream Aerospace Corp.)","Gulfstream IV-SP, G400","Jet","2"
"GLF4","Gulfstream (Gulfstream Aerospace Corp.)","Gulfstream IV","Jet","2"
"GLF4","Gulfstream Aerospace Corp.","G450","Jet","2"
"GLF4","Gulfstream Aerospace Corp.","G350 (less range than its big brother the G450)","Jet","2"
"TEX2","Hawker-Beechcraft","T-6 Texan 2","N/A","N/A"
"TEX2","Hawker-Beechcraft","CT-156 Harvard 2","N/A","N/A"
"TEX2","Raytheon","T-6A Texan II","Turboprop","N/A"
"LJ45","Bombardier","Learjet 45, 45XR","Jet","2"
"BCS3","Airbus","A220-300","Jet","2"
"R44","N/A","N/A","N/A","N/A"
"B06","Agusta / AgustaWestland","AB-206 JetRanger / LongRanger","N/A","N/A"
"B06","Bell Helicopter","JetRanger / OH-58 Kiowa","N/A","N/A"
"CL65","N/A","N/A","N/A","N/A"
"MD90","Boeing (McDonnell Douglas)","MD-90-30ER","Jet","N/A"
"MD90","McDonnell Douglas","MD-90","N/A","N/A"
"MD90","Boeing (McDonnell Douglas)","MD-90-30","Jet","N/A"
"BE99","Beechcraft","Model 99 Airliner","Turboprop","2"
"CRJX","N/A","N/A","N/A","N/A"
"LJ35","Bombardier","Learjet 35/36, 35A/36A","Jet","2"
"LJ35","Yakovlev / Jakovlev","Yak-130","N/A","N/A"
"G450","N/A","N/A","N/A","N/A"
"P28A","Piper","PA-28-180 Cherokee Challenger, Archer","Piston","1"
"P28A","Piper","PA-28S-160 Cherokee C Seaplane","Piston","1"
"P28A","Embraer","Carioquinha (Piper PA-28-140)","N/A","N/A"
"P28A","Embraer","EMB 712 Tupi","N/A","N/A"
"P28A","Piper","PA-28-151 and -161 Cherokee Warrior/Cadet","Piston","1"
"P28A","Piper","PA-28-236 Cherokee Dakota","Piston","1"
"P28A","Piper","PA-28S-180 Cherokee C Seaplane","Piston","1"
"P28A","Piper","PA-28-181 Cherokee Archer II, III, DX, TX","Piston","1"
"P28A","Piper","PA-28-235 Cherokee","Piston","1"
"P28A","Piper","PA-28-180 Cherokee","Piston","1"
"P28A","Piper","PA-28-161 Cherokee Warrior II, III","Piston","1"
"P28A","Piper","PA-28-235 Cherokee Pathfinder/Charger","Piston","1"
"P28A","Piper","PA-28-140/150/160 Cherokee Cruiser/Flight Liner, 150, 160","Piston","1"
"GL6T","N/A","N/A","N/A","N/A"
"LJ60","Bombardier","Learjet 60, 60XR","Jet","2"
"SF34","Zlin","Z-26 Trener","N/A","N/A"
"CL64","N/A","N/A","N/A","N/A"
"C25C","Cessna","Citation CJ4 (Model C525C)","Jet","2"
"P46T","Piper","PA-46-600TP Malibu Meridian, M600","Turboprop","1"
"P46T","Piper","PA-46-500TP Malibu Meridian, M500","Turboprop","1"
"P46T","Piper","PA-46-400TP Malibu Meridian","Turboprop","1"
"E50P","Embraer","Phenom 100 (EMB-500)","Jet","2"
"GLEX","Bombardier","Global 6000/Express (BD-700-1A10)","Jet","2"
"B429","Bell Helicopter","429 GlobalRanger","N/A","N/A"
"E35L","Embraer","EMB/ERJ-135 LR","Jet","2"
"BCS1","Airbus","A220-100","Jet","2"
"B764","Boeing","767-400","N/A","N/A"
"B764","Boeing","767-400ER","Jet","2"
"F2LX","N/A","N/A","N/A","N/A"
"FA7X","Dassault Aviation","Falcon 7X","Jet","3"
"G650","N/A","N/A","N/A","N/A"
"B736","Boeing","737-600 with winglets","Jet","2"
"B736","Boeing","737-600","Jet","2"
"GL5T","Bombardier","Global 5000 (BD-700-1A11)","Jet","2"
"F9EX","N/A","N/A","N/A","N/A"
"F2TH","Dassault Aviation","Falcon 2000EX","Jet","2"
"F2TH","Dassault Aviation","Falcon 2000","Jet","2"
"F2TH","Dassault Aviation","Falcon 2000XLS","Jet","2"
"F2TH","Dassault Aviation","Falcon 2000S","Jet","2"
"SW4","Technoavia (Interavia)","SM-92 Finist","N/A","N/A"
"SW4","Fairchild-Swearingen","Merlin 4","N/A","N/A"
"SW4","Technoavia (Interavia)","SP-55","N/A","N/A"
"SW4","Fairchild-Swearingen","Metro","N/A","N/A"
"SW4","Fairchild","Merlin 23","N/A","N/A"
"SW4","Fairchild","Merlin 4","N/A","N/A"
"SW4","Fairchild Swearingen","Merlin 4/4A, Metro 2","Turboprop","2"
"SW4","Fairchild","Metro","N/A","N/A"
"DHC6","Bombardier (De Havilland Canada (DHC))","Dash 6 Twin Otter (DHC-6-100/200)","Turboprop","2"
"DHC6","Sikorsky","Sea King","N/A","N/A"
"DHC6","Bombardier (De Havilland Canada (DHC))","Dash 6 Twin Otter (DHC-6-300)","Turboprop","2"
"DHC6","Sikorsky","SH-3 Sea King","N/A","N/A"
"S76","WACO","ZVN","N/A","N/A"
"C55B","N/A","N/A","N/A","N/A"
"B190","Beechcraft","1900D","Turboprop","2"
"B190","Beechcraft","1900C","Turboprop","2"
"F2EX","N/A","N/A","N/A","N/A"
"TBM8","Velocity Inc.","XL","N/A","N/A"
"TBM8","Daher-Socata","TBM 850","Turboprop","1"
"A343","Airbus","A340-300","Jet","4"
"GLF5","Gulfstream Aerospace Corp.","G500","Jet","2"
"GLF5","Gulfstream Aerospace Corp.","Gulfstream V (G-V)","Jet","2"
"GLF5","Gulfstream Aerospace Corp.","G550 (is the newer version of V-SP)","Jet","2"
"GLF5","Gulfstream Aerospace Corp.","Gulfstream V-SP (G-V-SP)","Jet","2"
"LJ75","Bombardier","Learjet 75","Jet","2"
"PRM1","Beechcraft","Beech 390 Premier I, IA, II (Raytheon Premier I)","Jet","2"
"B735","Boeing","737-500","Jet","2"
"TBM7","Daher-Socata","TBM 700 C1 (Cargo Variant 1)","Turboprop","1"
"TBM7","Daher-Socata","TBM 700 C2 (Cargo Variant 2)","Turboprop","1"
"TBM7","Velocity Inc.","V-twin","N/A","N/A"
"TBM7","Daher-Socata","TBM 700","Turboprop","1"
"R22","N/A","N/A","N/A","N/A"
"C17","McDonnell Douglas","C-17 Globemaster 3","N/A","N/A"
"C17","Boeing","C-17 Globemaster 3","N/A","N/A"
"G280","Gulfstream Aerospace Corp.","G280","Jet","2"
"C550","N/A","N/A","N/A","N/A"
"G200","N/A","N/A","N/A","N/A"
"A346","Airbus","A340-600","Jet","4"
"C25M","Cessna","Citation M2 (Model C525)","Jet","2"
"SR22","Cirrus","SR22","Piston","1"
"RJ85","BAe","RJ-85","N/A","N/A"
"RJ85","British Aerospace (BAe)/Avro","Avro RJ85","Jet","N/A"
"RJ85","BAe","Avro RJ-85","N/A","N/A"
"TBM9","Velocity Inc.","TXL","N/A","N/A"
"TBM9","Daher-Socata","TBM 900","Turboprop","1"
"TBM9","Daher-Socata","TBM 910","Turboprop","1"
"TBM9","Daher-Socata","TBM 930","Turboprop","1"
"H500","MD Helicopters","MD-530","N/A","N/A"
"H500","MD Helicopters","MD-500","N/A","N/A"
"H500","Hughes","OH-6 Cayuse","N/A","N/A"
"H500","Hughes","500","N/A","N/A"
"H500","Hughes","369","N/A","N/A"
"E140","N/A","N/A","N/A","N/A"
"E135","Embraer","EMB/ERJ-140 ER","Jet","2"
"E135","Embraer","EMB/ERJ-140 LR","Jet","2"
"E135","Embraer","EMB/ERJ-135 ER","Jet","2"
"C650","Cessna","Citation III, VI","Jet","2"
"C650","Cessna","Citation VII (an upgrade of the III)","Jet","2"
"C182","FMA","A-182","N/A","N/A"
"B773","Boeing","777-300","Jet","2"
"B773","Boeing","777-300F","Jet","2"
"SU95","N/A","N/A","N/A","N/A"
"BK17","Kawasaki","BK-117","N/A","N/A"
"BK17","MBB-Kawasaki","BK-117","N/A","N/A"
"BK17","MBB","BK-117","N/A","N/A"
"BK17","Eurocopter-Kawasaki","BK-117","N/A","N/A"
"BK17","Eurocopter","BK-117","N/A","N/A"
"F900","Dassault Aviation","Falcon 900EX","Jet","3"
"F900","Dassault Aviation","Falcon 900B, 900C","Jet","3"
"F900","Dassault Aviation","Myst","N/A","N/A"
"F900","Dassault Aviation","Falcon 900LX","Jet","3"
"EA50","Eclipse Aerospace","Eclipse 500","Jet","2"
"RJ1H","BAe","RJ-100","N/A","N/A"
"RJ1H","BAe","Avro RJ-100","N/A","N/A"
"RJ1H","British Aerospace (BAe)/Avro","Avro RJ100/115","Jet","N/A"
"LJ40","Bombardier","Learjet 40","Jet","2"
"CL61","N/A","N/A","N/A","N/A"
"H900","N/A","N/A","N/A","N/A"
"A109","Agusta / AgustaWestland","A-109","N/A","N/A"
"DA40","Diamond","DA40 Tundra or NG","Piston","1"
"DA40","Diamond","DA40 XLT","Piston","1"
"DH8A","Bombardier (De Havilland Canada (DHC))","Dash 8 Series 100 (DHC-8-101)","Turboprop","N/A"
"DH8A","Bombardier (De Havilland Canada (DHC))","Dash 8 Series 100 (DHC-8-103)","Turboprop","N/A"
"DH8A","Bombardier (De Havilland Canada (DHC))","Dash 8 Series 100 (DHC-8-106)","Turboprop","N/A"
"DH8A","Bombardier (De Havilland Canada (DHC))","Dash 8 Series 100 (DHC-8-102)","Turboprop","N/A"
"C441","Cessna","441 Conquest II","Turboprop","2"
"A119","Agusta / AgustaWestland","A-119 Koala","N/A","N/A"
"S22T","N/A","N/A","N/A","N/A"
"G150","Gulfstream Aerospace Corp. (General Dynamics)","G150","Jet","2"
"B412","Bell Helicopter","412","N/A","N/A"
"B412","Bell Helicopter","CH-146 Griffon","N/A","N/A"
"B412","Agusta / AgustaWestland","AB-412 Griffon","N/A","N/A"
"DHC2","De Havilland Canada","DHC-2 Beaver","Piston","1"
"FA50","Dassault Aviation","Myst","N/A","N/A"
"FA50","Dassault Aviation","Falcon 50, 50EX","Jet","3"
"BE30","Beechcraft","King Air 300 and 300LW (Limited Weight version)","Turboprop","2"
"R66","N/A","N/A","N/A","N/A"
"A35K","N/A","N/A","N/A","N/A"
"AT72","ATR (Aérospatiale/Alenia)","ATR-72-201/202 and -211/212","Turboprop","2"
"AT72","ATR (Aérospatiale/Alenia)","ATR-72-201/202 with Mod 3651","Turboprop","2"
"AT72","ATR (Aérospatiale/Alenia)","ATR-72-101/102","Turboprop","2"
"AT72","ATR (Aérospatiale/Alenia)","\"ATR-72-212A/\"\"600\"\" Basic\"","Turboprop","2"
"AT72","ATR (Aérospatiale/Alenia)","ATR-72-212A/600 with Mod 4671","Turboprop","2"
"DC10","McDonnell Douglas","KC-10 Extender","N/A","N/A"
"DC10","Boeing (McDonnell Douglas)","DC-10-10","N/A","N/A"
"E545","N/A","N/A","N/A","N/A"
"LJ31","Bombardier","Learjet 31/31A","Jet","2"
"DV20","Diamond","Katana (DA-20/DV-20)","N/A","N/A"
"A169","N/A","N/A","N/A","N/A"
"C30J","N/A","N/A","N/A","N/A"
"AT43","ATR (Aérospatiale/Alenia)","ATR-42-300/320","Turboprop","2"
"DR40","N/A","N/A","N/A","N/A"
"E550","N/A","N/A","N/A","N/A"
"E120","Embraer","EMB 120 Brasilia (ER Model)","Turboprop","2"
"F5EX","N/A","N/A","N/A","N/A"
"P180","Piaggio Aero","P-180 Avanti II","Turboprop","2"
"P180","Piaggio Aero","P-180 Avanti","Turboprop","2"
"FA20","Dassault Aviation","Myst","N/A","N/A"
"FA20","Dassault Aviation","Mystere/Falcon 20 (20F)","Jet","2"
"A310","Airbus","A310-200","Jet","2"
"A310","Airbus","A310-300","Jet","2"
"PC21","Pilatus","PC-21","Turboprop","1"
"DH3T","De Havilland Canada","DHC-3 Turbo Otter","N/A","N/A"
"SH36","Westland","Sea King","N/A","N/A"
"SH36","Westland","WS-55 Whirlwind 3","N/A","N/A"
"B78X","N/A","N/A","N/A","N/A"
"B38M","N/A","N/A","N/A","N/A"
"C501","N/A","N/A","N/A","N/A"
"HDJT","Honda","HA-420 Honda Jet","Jet","2"
"CRJ1","Canadair","CL-600 Regional Jet CRJ-100","N/A","N/A"
"EC20","HAMC / Harbin","HC-120","N/A","N/A"
"EC20","Eurocopter","EC-120 Colibri","N/A","N/A"
"EC20","Airbus (Helicopters)","H120","N/A","N/A"
"MU2","Mitsubishi","MU-2","N/A","N/A"
"MU2","Mitsubishi","MU-2L Marquise/Solitaire","Turboprop","2"
"A3ST","Airbus","A300-600ST BelugaST","Jet","2"
"A3ST","Airbus","A300-600XL BelugaXL","Jet","2"
"UH1","Bell Helicopter","205","N/A","N/A"
"UH1","Bell Helicopter","212","N/A","N/A"
"UH1","Bell Helicopter","UH-1 Iroquois","N/A","N/A"
"BE9T","Beechcraft","King Air 90 (F90)","Turboprop","2"
"F9LX","N/A","N/A","N/A","N/A"
"AS65","Aerospatiale / SNIAS","AS-365 Dauphin 2 / AS-366 Dolphin","N/A","N/A"
"AS65","Chance-Vought","SA-366 Panther 800","N/A","N/A"
"AS65","Aerospatiale / SNIAS","AS-565 Panther","N/A","N/A"
"AS65","HAMC / Harbin","Z-9 Haitun","N/A","N/A"
"AS65","Eurocopter","AS-565 Panther","N/A","N/A"
"AS65","Eurocopter","AS-365 Dauphin 2 / AS-366 Dolphin","N/A","N/A"
"F100","Fokker","100","N/A","N/A"
"F100","Fokker","F-100","N/A","N/A"
"AC90","Rockwell","690 Jetprop Commander 840","N/A","N/A"
"AC90","Rockwell","690 Turbo Commander 690","N/A","N/A"
"AC90","American","690 Jetprop Commander 840 / 900","N/A","N/A"
"AC90","Aero Commander Aircraft","690-C JetProp 840","Turboprop","2"
"AC90","Aero Commander Aircraft","690-B Twin Commander","Turboprop","2"
"AC90","North American Rockwell","Gulfstream Commander","Piston","2"
"AC90","Rockwell International","Turbo Commander 690","N/A","N/A"
"AC90","Aero Commander Aircraft","690/690-A Twin Commander","Turboprop","2"
"AC90","Aero Commander Aircraft","690-D JetProp 900","Turboprop","2"
"AC90","North American Rockwell","690 Turbo Commander 690","N/A","N/A"
"AC90","Aero Commander Aircraft","695 JetProp 900 (the 840 with 733 shp)","Turboprop","2"
"D228","Dornier","Do 228NG","Turboprop","2"
"D228","HAL","228","N/A","N/A"
"AT46","N/A","N/A","N/A","N/A"
"CL85","N/A","N/A","N/A","N/A"
"C425","Cessna","425 Corsair/Conquest I","Turboprop","2"
"LJ55","Bombardier","Learjet 55","Jet","2"
"C152","Cessna","152, A152 Aerobat","Piston","1"
"C130","Lockheed","C-130H, J","N/A","N/A"
"C130","Lockheed","C-130-100-20 Hercules*","N/A","N/A"
"C130","Lockheed","C-130J-30","N/A","N/A"
"F2TS","N/A","N/A","N/A","N/A"
"PAY1","Piper","PA-31T1-500 Cheyenne I/IA","Piston","2"
"DA42","Diamond","DA42 Twin Star","Piston","2"
"BE36","Beechcraft","Bonanza 36 (G36)","Piston","1"
"P28R","Embraer","EMB 711B Corisco","N/A","N/A"
"P28R","Piper","PA-28R-201T Cherokee Turbo Arrow III","Piston","1"
"P28R","Piper","PA-28RT-201T Cherokee Turbo Arrow IV (has T tail)","Piston","1"
"P28R","Piper","PA-28R-200 Cherokee Arrow","Piston","1"
"P28R","Piper","PA-28R-180 Cherokee Arrow","Piston","1"
"P28R","Piper","PA-28R-201 Cherokee Arrow III","Piston","1"
"P28R","Piper","PA-28R-200 Cherokee Arrow II","Piston","1"
"D328","Dornier","Do 328-110","Turboprop","2"
"D328","Fairchild Dornier","328","Jet","N/A"
"SR20","Cirrus","SR20","Piston","1"
"BN2P","Britten Norman","BN-2 Islander","N/A","N/A"
"ASTR","Israel Aircraft Industries (IAI)","1125 Astra Galaxy","Jet","2"
"ASTR","Israel Aircraft Industries (IAI)","1125 Astra","Jet","2"
"C42","N/A","N/A","N/A","N/A"
"ASTR","Israel Aircraft Industries (IAI)","1125 Astra SP and SPX","Jet","2"
"ASTR","Gulfstream Aerospace Corp. (General Dynamics)","G100 (the IAI Astra SPX rebranded in 2002 as the G100)","Jet","2"
"WT9","N/A","N/A","N/A","N/A"
"PAY2","Piper","PA-31T2 Cheyenne IIXL","Piston","2"
"PAY2","Piper","PA-31T-260 Cheyenne/Cheyenne II","Piston","2"
"B463","BAe","BAe-146-300","N/A","N/A"
"B463","British Aerospace (BAe)/Avro","BAe 146-300, 300QC, 300QT","Jet","N/A"
"J328","Fairchild-Dornier","Envoy 3","N/A","N/A"
"J328","Fairchild Dornier","328 Jet","Jet","N/A"
"JS32","BAe","BAe-3200 Jetstream Super 31","N/A","N/A"
"CL60","Bombardier","Challenger (CL-600-2B16) 601-3A and -3R","Jet","2"
"CL60","Bombardier","Challenger (CL-600-2A12) 601","Jet","2"
"CL60","Bombardier","Challenger (CL-600-2B16) 604","Jet","2"
"CL60","Bombardier","Challenger 604/605 ?","Jet","2"
"CL60","Bombardier","Challenger 650","Jet","2"
"CL60","Bombardier","Challenger (CL-600-1A11) 600","Jet","2"
"PA46","Piper","PA-46-310P Malibu, -350P Malibu Mirage, 46R-350T Malibu Matrix, M350","Piston","1"
"PA34","Piper","PA-34-220T Seneca III, IV, V","Piston","2"
"PA34","PZL Mielec","M-20","N/A","N/A"
"PA34","Piper","PA-34-200T Seneca II","Piston","2"
"PA34","Embraer","EMB 810 Seneca","N/A","N/A"
"PA34","Piper","PA-34 Seneca","Piston","2"
"HA4T","Hawker Beechcraft","Hawker 4000 (Horizon)","Jet","2"
"A339","N/A","N/A","N/A","N/A"
"M20P","Mooney International Corporation (former Mooney Aviation Company, Inc.)","M20L PFM","Piston","1"
"M20P","Mooney International Corporation (former Mooney Aviation Company, Inc.)","M20TN Acclaim","Piston","1"
"M20P","Mooney International Corporation (former Mooney Aviation Company, Inc.)","M20G Statesman","Piston","1"
"M20P","Mooney International Corporation (former Mooney Aviation Company, Inc.)","M20C Ranger","Piston","1"
"M20P","Mooney International Corporation (former Mooney Aviation Company, Inc.)","M20J 201 (MSE Mooney Special Edition)","Piston","1"
"M20P","Mooney International Corporation (former Mooney Aviation Company, Inc.)","M20E Super 21/Chaparral","Piston","1"
"M20P","Mooney International Corporation (former Mooney Aviation Company, Inc.)","M20D Master","Piston","1"
"M20P","Mooney International Corporation (former Mooney Aviation Company, Inc.)","M20R Ovation/Ovation 2/Ovation 3","Piston","1"
"M20P","Mooney International Corporation (former Mooney Aviation Company, Inc.)","M20, M20A, M20B","Piston","1"
"M20P","Mooney International Corporation (former Mooney Aviation Company, Inc.)","M20U Ovation Ultra, M20V Acclaim Ultra (turbocharged)","Piston","1"
"M20P","Mooney International Corporation (former Mooney Aviation Company, Inc.)","M20S Eagle/Eagle 2","Piston","1"
"M20P","Mooney International Corporation (former Mooney Aviation Company, Inc.)","M20F Executive 21","Piston","1"
"PA44","Piper","PA-44-180 Seminole, -180T Turbo Seminole","Piston","2"
"BE58","Beechcraft","Baron 58 (and current G58)","Piston","2"
"P750","PAC","750XL","N/A","N/A"
"KODI","Quest","Kodiak","N/A","N/A"
"H60","WACO","YMF, YPF, ZPF","N/A","N/A"
"H60","WACO","CJC, CUC, DJC, DQC, EGC, EQC, QDC","N/A","N/A"
"H60","Victa / AESL","Airtourer","N/A","N/A"
"H60","Mitsubishi","S-70 Seahawk","N/A","N/A"
"BE10","Beechcraft","King Air 100 (B100)","Turboprop","2"
"G2CA","N/A","N/A","N/A","N/A"
"DH8B","Bombardier (De Havilland Canada (DHC))","Dash 8 Series 200 (DHC-8-201/202)","Turboprop","N/A"
"LJ70","N/A","N/A","N/A","N/A"
"B462","British Aerospace (BAe)/Avro","BAe 146-200, 200QC","Jet","N/A"
"B462","BAe","BAe-146-200","N/A","N/A"
"F50","Fokker","50","N/A","N/A"
"S92","WACO Classic","YMF","N/A","N/A"
"T6","North American","T-6 Texan (T-6G versino","Piston","1"
"T6","Noorduyn","AT-16 Harvard","N/A","N/A"
"T6","North American","SNJ Texan","N/A","N/A"
"T6","CCF","T-6 Harvard","N/A","N/A"
"T6","North American","T-6 Texan","N/A","N/A"
"H25C","BAe","BAe-125-1000","N/A","N/A"
"H25C","Hawker Beechcraft","Hawker 1000 (formerly BAe HS 125-1000)","Jet","2"
"FDCT","N/A","N/A","N/A","N/A"
"M600","N/A","N/A","N/A","N/A"
"GALX","Gulfstream Aerospace Corp.","G200 (the IAI Galaxy 1126 rebranded in 2001 as the G200)","Jet","2"
"FA8X","N/A","N/A","N/A","N/A"
"T34P","Fuji","T-3 Mentor","N/A","N/A"
"T34P","Beechcraft","T-34C Mentor","Turboprop","1"
"T34P","Beechcraft","T-34B Mentor","Piston","1"
"B783","N/A","N/A","N/A","N/A"
"EA55","N/A","N/A","N/A","N/A"
"BE35","Beechcraft","Bonanza 35 (V35TC) rare as only 7 built","Piston","1"
"BE35","Beechcraft","Bonanza 35 (P35)","Piston","1"
"BE35","Beechcraft","Bonanza 35 (G35)","Piston","1"
"RV7","SOKO","G-2 Galeb","N/A","N/A"
"PAT4","Piper","PA-31T3-500","Piston","N/A"
"PAT4","Piper","PA-31T3 T-1040 Airliner","Piston","2"
"SW3","Technoavia (Interavia)","SM-2000P","N/A","N/A"
"SW3","Fairchild Swearingen","SA-226T/TB Merlin 3","Turboprop","N/A"
"SW3","Fairchild","Merlin 3","N/A","N/A"
"SW3","Fairchild-Swearingen","Merlin 3","N/A","N/A"
"AT73","N/A","N/A","N/A","N/A"
"S2P","Grumman","S-2 Tracker","N/A","N/A"
"S2P","De Havilland Canada","S-2 Tracker","N/A","N/A"
"NG5","N/A","N/A","N/A","N/A"
"H750","N/A","N/A","N/A","N/A"
"DIMO","N/A","N/A","N/A","N/A"
"C150","Cessna","150, A150 Aerobat","Piston","1"
"DH2T","De Havilland Canada","DHC-2 Turbo Beaver Mk3","N/A","N/A"
"PA31","Piper","PA-31P Navajo (pressurized)","Piston","2"
"PA31","Piper","PA-31 Navajo","Piston","2"
"PA31","Piper","PA-31-325 Navajo C/R","Piston","2"
"PA31","Piper","PA-31-350 Chieftain/T-1020 Navajo C/R","Piston","2"
"PA31","Embraer","EMB 820 Navajo","N/A","N/A"
"PA31","Piper","PA-31P-350 Mojave","Piston","2"
"PA31","Piper","PA-31-300 Navajo (turbocharged model unofficially known as -310)","Piston","2"
"TB20","Team","Rocket F-1","Piston","N/A"
"AT45","ATR (Aérospatiale/Alenia)","\"ATR-42-500/\"\"600\"\"\"","Turboprop","2"
"PA32","Piper","PA-32-260 Cherokee Six","Piston","N/A"
"PA32","Piper","PA-32-300 Cherokee Six","Piston","1"
"PA32","Embraer","EMB 720 Minuano","N/A","N/A"
"PA32","Piper","PA-32-300L Cherokee Six","Piston","N/A"
"PA32","Piper","PA-32-301 Saratoga, 32R-301 Saratoga SP/IIHP,  32R-301T Saratoga II TC, 32-301FT Piper 6X , and 32-301XTC Piper 6XT","Piston","1"
"ULAC","N/A","N/A","N/A","N/A"
"AS55","Eurocopter","AS-355 Ecureuil 2","N/A","N/A"
"AS55","Eurocopter","AS-355 TwinStar","N/A","N/A"
"AS55","Aerospatiale / SNIAS","AS-355 TwinStar","N/A","N/A"
"AS55","Eurocopter","AS-555 Fennec","N/A","N/A"
"AS55","Aerospatiale / SNIAS","AS-355 Ecureuil 2","N/A","N/A"
"AS55","Aerospatiale / SNIAS","AS-555 Fennec","N/A","N/A"
"GLF3","Gulfstream (Gulfstream American Corp.)","Gulfstream III (G-III), model G-1159A","Jet","2"
"P28T","Embraer","EMB 711ST Corisco 2 Turbo","N/A","N/A"
"P28T","Piper","PA-28RT-201 Cherokee Arrow IV (has T tail)","Piston","1"
"A189","N/A","N/A","N/A","N/A"
"A400","N/A","N/A","N/A","N/A"
"F70","Fokker","70","N/A","N/A"
"P32R","Piper","PA-32R-301 Saratoga 2 HP","N/A","N/A"
"P32R","Piper","PA-32R-300 Cherokee Lance","N/A","N/A"
"P32R","Embraer","EMB 721 Sertanejo","N/A","N/A"
"P32R","Piper","PA-32R-300 Lance","N/A","N/A"
"PC24","N/A","N/A","N/A","N/A"
"C206","Cessna","206 Stationair, 206H Stationair, T206H Turbo Stationair","Piston","1"
"P208","N/A","N/A","N/A","N/A"
"CRJ-1000","N/A","N/A","N/A","N/A"
"BE33","Beechcraft","Bonanza 33 (F33A)","Piston","1"
"BE33","HESA","Parastu","N/A","N/A"
"BE33","Beechcraft","Bonanza 33 Debonair","Piston","2"
"EV97","N/A","N/A","N/A","N/A"
"AS32","Atlas","SA-330 Oryx","N/A","N/A"
"AS32","Airbus (Helicopters)","H225","N/A","N/A"
"AS32","Eurocopter","AS-332 Super Puma / AS-532 Cougar","N/A","N/A"
"AS32","Aerospatiale / SNIAS","AS-532 Mk1 Cougar","N/A","N/A"
"AS32","Aerospatiale / SNIAS","AS-332 Mk1 Super Puma","N/A","N/A"
"T38","Northrop","T-38 Talon","N/A","N/A"
"AA5","Grumman American (Tiger Aircraft)","AG-5B Tiger","Piston","1"
"AA5","Grumman American","AA-5 Traveler","Piston","1"
"AA5","Grumman American","AA-5B Tiger","Piston","1"
"AA5","American Aviation Corporation","AA-5A Cheetah","Piston","1"
"EPIC","N/A","N/A","N/A","N/A"
"P68","Partenavia","P-68 Victor","N/A","N/A"
"P68","Partenavia","P-68 Observer","N/A","N/A"
"B212","Bell Helicopter","UH-1N","N/A","N/A"
"B212","Agusta / AgustaWestland","AB-212","N/A","N/A"
"B212","Bell Helicopter","212 Twin Two-Twelve","N/A","N/A"
"LJ36","N/A","N/A","N/A","N/A"
"E110","Embraer","EMB 110 Bandeirante","Turboprop","2"
"FA10","Dassault Aviation","Mystere/Falcon 10","Jet","2"
"FA10","Dassault Aviation","Myst","N/A","N/A"
"B722","Boeing","727-200 Basic","Jet","2"
"B722","Boeing","727-200 Basic with winglets","Jet","2"
"B722","Boeing","727-200 Option with winglets","Jet","2"
"B722","Boeing","727-200 Option","Jet","2"
"AC95","American","Jetprop Commander 980 / 1000","N/A","N/A"
"AC95","American","695 Jetprop Commander 1000","N/A","N/A"
"AC95","Aero Commander Aircraft","695-B JetProp Commanger 1000","Turboprop","2"
"AC95","Rockwell International","Commander 695","N/A","N/A"
"AC95","Rockwell","695 Jetprop Commander 980 / 1000","N/A","N/A"
"AC95","North American Rockwell","Gulfstream Jetprop Commander 1000","Turboprop","2"
"AC95","Aero Commander Aircraft","695-A JetProp Commanger 1000","Turboprop","2"
"C212","CASA","C-212-200 Aviocar","N/A","N/A"
"SC7","Yakovlev / Jakovlev","Yak-112","N/A","N/A"
"G400","N/A","N/A","N/A","N/A"
"PA30","Piper","PA-30 Twin Commanche","Piston","2"
"PA30","Piper","PA-30B-160 Twin Comanche","N/A","N/A"
"C210","N/A","N/A","N/A","N/A"
"ECHO","N/A","N/A","N/A","N/A"
"B430","Bell Helicopter","430","N/A","N/A"
"DA62","Diamond","DA62","Piston","2"
"RV8","SOKO","J-20 Kraguj","N/A","N/A"
"WW24","Israel Aircraft Industries (IAI)","1124A Westwind II","Jet","2"
"WW24","Israel Aircraft Industries (IAI)","1124 Westwind I","Jet","2"
"A124","Antonov","An-124 Ruslan","N/A","N/A"
"C551","N/A","N/A","N/A","N/A"
"AC50","Rockwell","500 Shrike Commander","N/A","N/A"
"AC50","North American Rockwell","500 Shrike Commander","N/A","N/A"
"AC50","Zlin","Zlin Z-726 Universal","N/A","N/A"
"AC50","Aero Commander Aircraft","500U/500S Shrike Commander","Piston","2"
"AC50","Aero Commander Aircraft","500-B Commander","Piston","2"
"AC50","North American Rockwell","500 Commander 500","N/A","N/A"
"AC50","Aero Commander Aircraft","500-A Commander","Piston","2"
"AC50","Aero Commander Aircraft","500 Commander","Piston","2"
"PC9","Pilatus","PC-9","N/A","N/A"
"GLID","N/A","N/A","N/A","N/A"
"B505","N/A","N/A","N/A","N/A"
"TOBA","Van's Aircraft","RV-8","N/A","N/A"
"EC55","Eurocopter","EC-155","N/A","N/A"
"EC55","Airbus (Helicopters)","H155","N/A","N/A"
"M20T","Mooney International Corporation (former Mooney Aviation Company, Inc.)","M20K 252TSE, Encore","Piston","1"
"M20T","Mooney International Corporation (former Mooney Aviation Company, Inc.)","M20K 231 Turbo Mooney","Piston","1"
"M20T","Mooney International Corporation (former Mooney Aviation Company, Inc.)","M20M TLS Bravo","Piston","1"
"GLF6","Gulfstream Aerospace Corp.","G650","Jet","2"
"H269","Hughes","269","N/A","N/A"
"H269","Hughes","TH-55 Osage","N/A","N/A"
"H269","Yakovlev / Jakovlev","Yak-54","N/A","N/A"
"H269","Hughes","300","N/A","N/A"
"C77R","Cessna","177 Cardinal RG","Piston","1"
"C340","Cessna","340 (developed from Cessna 310).  335 is unpressurized 340.","Piston","2"
"T204","Suchoi / Sukhoi","Su-15","N/A","N/A"
"T204","Suchoi / Sukhoi","Su-24","N/A","N/A"
"T204","Suchoi / Sukhoi","S-37 Berkut","N/A","N/A"
"T204","Suchoi / Sukhoi","Su-20","N/A","N/A"
"A210","N/A","N/A","N/A","N/A"
"L39","Aero Vodochody","Aero L-39 Albatros (L-39C)","Jet","1"
"BREZ","N/A","N/A","N/A","N/A"
"RV6","SOCATA","TBM 9","N/A","N/A"
"A330","N/A","N/A","N/A","N/A"
"B77F","N/A","N/A","N/A","N/A"
"SF50","Cirrus","SF50 Vision Jet","Jet","1"
"MD83","Boeing (McDonnell Douglas)","MD-83","Jet","N/A"
"MD83","McDonnell Douglas","MD-83","N/A","N/A"
"P210","N/A","N/A","N/A","N/A"
"PAY3","Piper","PA-42-720 Cheyenne III, IIIA","Turboprop","2"
"C500","N/A","N/A","N/A","N/A"
"EUPA","N/A","N/A","N/A","N/A"
"C421","Cessna","421C Golden Eagle","Piston","2"
"C2","Grumman","C-2 Greyhound","N/A","N/A"
"KC10","N/A","N/A","N/A","N/A"
"F9DX","N/A","N/A","N/A","N/A"
"G350","N/A","N/A","N/A","N/A"
"CT4","PAC","CT-4 Airtrainer","N/A","N/A"
"CT4","AESL","CT-4 Airtrainer","N/A","N/A"
"C82R","N/A","N/A","N/A","N/A"
"C72R","N/A","N/A","N/A","N/A"
"SBR1","Zlin","Z-142","N/A","N/A"
"SBR1","North American","Sabreliner","N/A","N/A"
"SBR1","Zlin","Z-143","N/A","N/A"
"SBR1","North American Rockwell","Sabreliner","N/A","N/A"
"SBR1","Zlin","Z-181","N/A","N/A"
"SBR1","North American Rockwell","Sabre 40/60","Jet","N/A"
"GX","N/A","N/A","N/A","N/A"
"DC3","Boeing (McDonnell Douglas)","DC-3A","Piston","2"
"SKRA","N/A","N/A","N/A","N/A"
"U21","Beechcraft","U-21A Ute","N/A","N/A"
"C402","Cessna","401 (initial model, lighter, less powerful than the 402)","Piston","2"
"K35R","Boeing","KC-135R/T Stratotanker","N/A","N/A"
"P28B","Piper","PA-28-210T Cherokee Turbo Dakota","Piston","1"
"P28B","Embraer","EMB 710 Carioca","N/A","N/A"
"RV12","N/A","N/A","N/A","N/A"
"E295","N/A","N/A","N/A","N/A"
"P51","CAC","CA-18 Mustang","N/A","N/A"
"P51","North American","P-51 Mustang","N/A","N/A"
"P06T","N/A","N/A","N/A","N/A"
"B732","Boeing","737-200","Jet","2"
"B732","Boeing","737-200, -200C, -200QC, and Advanced 737-200","Jet","2"
"PA28","N/A","N/A","N/A","N/A"
"VL3","N/A","N/A","N/A","N/A"
"V10","North American","OV-10 Bronco","N/A","N/A"
"V10","Rockwell","OV-10 Bronco","N/A","N/A"
"V10","North American Rockwell","OV-10 Bronco","N/A","N/A"
"ST75","Boeing","PT-18 Kaydet (Stearman)","Piston","1"
"ST75","Boeing","PT-17 Kaydet (Stearman)","Piston","1"
"ST75","TUSCO (formerly Ryan)","Navion Rangemaster D, E, F","Piston","1"
"ST75","Boeing","PT-27 Kaydet (Stearman)","Piston","1"
"ST75","Udet","U-12 Flamingo Replica","N/A","N/A"
"ST75","Tupolev","Tu-95","N/A","N/A"
"ST75","TUSCO (formerly Ryan)","Navion Rangemaster G, H","Piston","1"
"ST75","Boeing","PT-13 Kaydet (Stearman)","Piston","1"
"ATP","BAe","ATP","N/A","N/A"
"AC11","North American Rockwell","112 Commander 112","N/A","N/A"
"AC11","Commander","Commander 114","N/A","N/A"
"AC11","Rockwell","112 Commander 112","N/A","N/A"
"AC11","Commander","Commander 115","N/A","N/A"
"AC11","Rockwell","114 Commander 114","N/A","N/A"
"AC11","North American Rockwell","Rockwell Commander 112","Piston","1"
"E290","N/A","N/A","N/A","N/A"
"SH33","Westland","Scout","N/A","N/A"
"SH33","Westland","Wessex","N/A","N/A"
"P8","N/A","N/A","N/A","N/A"
"B427","KAI","SB-427","N/A","N/A"
"B427","Bell Helicopter","427","N/A","N/A"
"CVLT","Convair","CV-580","Piston","2"
"CVLT","Convair","CV-640","N/A","N/A"
"CVLT","Convair","CV-600","N/A","N/A"
"CVLT","Canadair","CV-580 Cosmopolitan","N/A","N/A"
"C414","Cessna","414A Chancellor (a less powerfull but lighter 421)","Piston","2"
"G100","N/A","N/A","N/A","N/A"
"S64","Vultee","BT-13 Valiant","N/A","N/A"
"S64","WACO","YKC, YKS, YOC, YQC, ZGC, ZKS, ZQC","N/A","N/A"
"CRUZ","N/A","N/A","N/A","N/A"
"RV9","SOKO","Jastreb","N/A","N/A"
"C310","Cessna","310 (Model T310R)","Piston","2"
"EC25","Eurocopter","EC-225 Super Puma Mk2+","N/A","N/A"
"EC25","Airbus (Helicopters)","H225","N/A","N/A"
"EC25","Eurocopter","EC-725 Cougar Mk2+","N/A","N/A"
"MD82","McDonnell Douglas","MD-82","N/A","N/A"
"MD82","Boeing (McDonnell Douglas)","MD-82","Jet","N/A"
"SIRA","N/A","N/A","N/A","N/A"
"DC91","Boeing (McDonnell Douglas)","DC-9-10","N/A","N/A"
"PA24","Piper","PA-24-260 Comanche","Piston","1"
"PA24","Piper","PA-24-250 Comanche","Piston","1"
"PA24","Piper","PA-24-400 Comanche","Piston","1"
"PA24","Piper","PA-24-180 Comanche","Piston","1"
"CH60","N/A","N/A","N/A","N/A"
"DHC3","De Havilland Canada","DHC-3 Otter","N/A","N/A"
"SF25","N/A","N/A","N/A","N/A"
"BE18","Beechcraft","Model 18 (H18 Super Twin Beech)","Piston","2"
"DR10","Robin / Apex","Ambassadeur","N/A","N/A"
"C180","Cessna","180 Skywagon","Piston","1"
"EN28","Enstrom","280 Shark","N/A","N/A"
"PNR3","N/A","N/A","N/A","N/A"
"EN28","Enstrom","F-28","N/A","N/A"
"EFOX","N/A","N/A","N/A","N/A"
"J3","Piper","J-3 Cub","Piston","1"
"BE55","Beechcraft","Baron 55","Piston","2"
"FK9","N/A","N/A","N/A","N/A"
"G300","N/A","N/A","N/A","N/A"
"CN35","CASA (Airtech International applies only to Series 10 and 100/110)","CN-235-100/110","N/A","N/A"
"CN35","CASA (Series 220 by IPTN)","CN-235-200/220","N/A","N/A"
"CN35","CASA","CN-235-300","N/A","N/A"
"CN35","CASA (Airtech International applies only to Series 10 and 100/110)","CN-235-10","N/A","N/A"
"C5M","N/A","N/A","N/A","N/A"
"PA18","Piper","PA-18-150 Super Cub","Piston","1"
"B105","MBB","BO-105","N/A","N/A"
"EXPL","MD Helicopters","MD-902 Explorer","N/A","N/A"
"BALL","N/A","N/A","N/A","N/A"
"DC93","Boeing (McDonnell Douglas)","DC-9-30","N/A","N/A"
"DC93","Boeing (McDonnell Douglas)","DC-9-32/33F","Jet","N/A"
"RV10","SOCATA","ST-10","N/A","N/A"
"PIVI","N/A","N/A","N/A","N/A"
"TAMP","Van's Aircraft","RV-7A","N/A","N/A"
"TAMP","Velocity Inc.","SE","N/A","N/A"
"G3","N/A","N/A","N/A","N/A"
"MD52","McDonnell Douglas","AH-6J","N/A","N/A"
"MD52","McDonnell Douglas","MH-6J","N/A","N/A"
"MD52","McDonnell Douglas","MD-520N","N/A","N/A"
"MD52","McDonnell Douglas","MD-530N","N/A","N/A"
"MD52","MD Helicopters","MD-520N","N/A","N/A"
"ZZZZ","N/A","N/A","N/A","N/A"
"T206","N/A","N/A","N/A","N/A"
"T210","N/A","N/A","N/A","N/A"
"C177","Cessna","177 Cardinal","Piston","1"
"C404","Cessna","404 Titan","Piston","2"
"BE76","Beechcraft","Model 76 Duchess","Piston","2"
"L410","LET","L-420 Turbolet","N/A","N/A"
"L410","LET","L-410 Turbolet","N/A","N/A"
"P28U","N/A","N/A","N/A","N/A"
"A4","Douglas","A-4 Skyhawk","N/A","N/A"
"G500","N/A","N/A","N/A","N/A"
"CL4T","N/A","N/A","N/A","N/A"
"TL30","N/A","N/A","N/A","N/A"
"G109","Grob","G-109","N/A","N/A"
"T28","North American","T-28 Trojan","N/A","N/A"
"MCR4","N/A","N/A","N/A","N/A"
"A342","Airbus","A340-200","Jet","4"
"RALL","Morane-Saulnier","Rallye Commodore","N/A","N/A"
"RALL","Morane-Saulnier","Super Rallye","N/A","N/A"
"RALL","Daher-Socata","Socata/Morane-Saulnier MS-880 Rallye","Piston","N/A"
"RALL","Morane-Saulnier","Rallye Club","N/A","N/A"
"RALL","Morane-Saulnier","Rallye 105","N/A","N/A"
"RALL","PZL Okecie","PZL-110 Koliber","N/A","N/A"
"PAY4","Piper","PA-42-1000 Cheyenne 400 LS (formerly IV)","Turboprop","2"
"SB20","Zlin","Z-226 Trener 6","N/A","N/A"
"SB20","Zlin","Z-226 Akrobat","N/A","N/A"
"EC75","N/A","N/A","N/A","N/A"
"HR20","Robin / Apex","HR-200","N/A","N/A"
"TL20","N/A","N/A","N/A","N/A"
"MM16","N/A","N/A","N/A","N/A"
"PA22","Piper","PA-22S-150 Tri-Pacer Seaplane","Piston","N/A"
"PA22","Piper","PA-22-150 Tri-Pacer/Caribbean","Piston","N/A"
"PA22","Piper","PA-22S-160 Tri-Pacer Seaplane","Piston","N/A"
"PA22","Piper","PA-22-160 Tri-Pacer","Piston","N/A"
"PA22","Piper","PA-22-108 Colt","Piston","N/A"
"PA22","Piper","PA-22S Tri-Pacer Seaplane","Piston","N/A"
"PA22","Piper","PA-22S-135 Tri-Pacer Seaplane","Piston","N/A"
"PA22","Piper","PA-22-135 Tri-Pacer","Piston","N/A"
"AN2","Antonov","An-2","N/A","N/A"
"AN2","Nanchang","Y-5","N/A","N/A"
"AN2","PZL Mielec","An-2 Antek","N/A","N/A"
"AN2","PZL Mielec","AN-2 Antek","Piston","1"
"CJ6","Nanchang","CJ-6","N/A","N/A"
"C82S","N/A","N/A","N/A","N/A"
"E737","N/A","N/A","N/A","N/A"
"CLON","N/A","N/A","N/A","N/A"
"UNDEFINED","N/A","N/A","N/A","N/A"
"IL76","Ilyushin","IL-76","N/A","N/A"
"IL76","Ilyushin","Il-82","N/A","N/A"
"IL76","Ilyushin","Il-78","N/A","N/A"
"NH90","N/A","N/A","N/A","N/A"
"A148","Antonov","An-148","N/A","N/A"
"PNR4","N/A","N/A","N/A","N/A"
"E6","Boeing","E-6 Mercury","N/A","N/A"
"C185","Cessna","185 Skywagon","Piston","1"
"C185","Cessna","185 Skywagon (A185 Agcarryall)","Piston","1"
"AN12","Antonov","An-12","Turboprop","4"
"C185","Cessna","185 Skywagon Amphibian","Piston","1"
"C185","Cessna","185 Skywagon Floatplane","Piston","1"
"COL4","Cessna","400 Corvalis TT (formerly the Lancair LC-41 Columbia 400)","Piston","1"
"PA38","Piper","PA-38-112 Tomahawk","N/A","N/A"
"BLCF","Boeing","747-400LCF Dreamlifter","Jet","4"
"RF6","Velocity Inc.","XL 5","N/A","N/A"
"RF6","Fournier","RF-6","N/A","N/A"
"MD87","McDonnell Douglas","MD-87","N/A","N/A"
"PC6T","Pilatus","PC-6A/B/C Turbo-Porter","N/A","N/A"
"KMAX","Kaman","K-1200 K-Max","N/A","N/A"
"GA5C","N/A","N/A","N/A","N/A"
"B47G","SIAI-Marchetti","FN-333 Riviera","N/A","N/A"
"B47G","Kawasaki","47G","N/A","N/A"
"B47G","Bell Helicopter","47","N/A","N/A"
"B47G","Agusta / AgustaWestland","AB-47G","N/A","N/A"
"BK117","N/A","N/A","N/A","N/A"
"G44","Grumman","G-44 Widgeon","N/A","N/A"
"DC3T","Basler Turbo Conversions","Basler BT-76 (a DC-3 conversion)","Turboprop","2"
"AP32","N/A","N/A","N/A","N/A"
"R90R","Zlin","Zlin Z-326 Akrobat","N/A","N/A"
"FOX","N/A","N/A","N/A","N/A"
"Z26","Saab","2000","N/A","N/A"
"TWEN","N/A","N/A","N/A","N/A"
"Z26","Saab","MFI-15 Safari","N/A","N/A"
"Z26","Sabreliner Corp","Sabreliner 80","N/A","N/A"
"Z26","Saab","JA-39 Gripen","N/A","N/A"
"Z26","Saab","MFI-17 Supporter","N/A","N/A"
"Z26","Rockwell International","Aero Commander 100","N/A","N/A"
"Z26","Rutan","281 Proteus","N/A","N/A"
"Z26","Saab","2000","Turboprop","2"
"Z26","Sabreliner Corp","Sabreliner 40","N/A","N/A"
"Z26","Rutan","Cozy","Piston","N/A"
"Z26","Saab","91 Safir","N/A","N/A"
"Z26","Saab","32 / J32 Lansen","N/A","N/A"
"Z26","Schweizer","269","N/A","N/A"
"Z26","Saab","29 / J29","N/A","N/A"
"Z26","Scheibe Flugzeugbau","SF-24 Motorspatz","N/A","N/A"
"Z26","Saab","340B","Turboprop","2"
"Z26","Rutan","61 Long-EZ","N/A","N/A"
"Z26","Schleicher","ASH-25","N/A","N/A"
"Z26","Ruschmeyer","R-90-420AT","N/A","N/A"
"Z26","Ryan","PT-20","N/A","N/A"
"S58T","WACO","QSO","N/A","N/A"
"C82T","N/A","N/A","N/A","N/A"
"C135","Boeing","C-135 Stratolifter","N/A","N/A"
"C303","Cessna","303 (T303) Crusader","Piston","2"
"EN48","Enstrom","480","N/A","N/A"
"EXEC","N/A","N/A","N/A","N/A"
"RV4","SOCATA","TB-31 Omega","N/A","N/A"
"B25","North American","B-25 Mitchell","N/A","N/A"
"B17","Boeing","B-17 Flying Fortress","Piston","4"
"GLF2","Gulfstream (Gulfstream American Corp.)","Gulfstream IIB (G-IIB is a G-II fitted with a G-III wing)","Jet","2"
"GLF2","Grumman","G-1159 Gulfstream 2","N/A","N/A"
"GLF2","Gulfstream (Gulfstream American Corp.)","Gulfstream IITT (G-IITT), model G-1159","Jet","2"
"GLF2","Gulfstream (Gulfstream American Corp.)","Gulfstream II (G-II), model G-1159","Jet","2"
"COY2","N/A","N/A","N/A","N/A"
"GLF2","Gulfstream (Gulfstream American Corp.)","Gulfstream II-SP (G-II-SP),","Jet","2"
"L8","Luscombe","50","N/A","N/A"
"L8","Luscombe","8","N/A","N/A"
"MCR1","N/A","N/A","N/A","N/A"
"CNJ","N/A","N/A","N/A","N/A"
"F406","Reims","F406 Vigilant","N/A","N/A"
"F406","Cessna","F406 Caravan 2","Turboprop","2"
"SUBA","Fuji","FA-200 Aero Subaru","N/A","N/A"
"F406","Reims","F406 Caravan 2","N/A","N/A"
"P32T","Piper","PA-32RT-300T/301T Turbo Lance 2","N/A","N/A"
"GOLF","N/A","N/A","N/A","N/A"
"O1","Fuji","Bird Dog","N/A","N/A"
"O1","Cessna","L-19/O-1 Bird Dog","Piston","1"
"Airbus A320-214 (SL)","N/A","N/A","N/A","N/A"
"MT","N/A","N/A","N/A","N/A"
"F2DX","N/A","N/A","N/A","N/A"
"S61","Shorts","Tucano","N/A","N/A"
"S61","Shorts Brothers","Skyvan SC7","N/A","N/A"
"S61","Mitsubishi","HSS-2","N/A","N/A"
"S61","WACO","RNF","N/A","N/A"
"S61","WACO","S3HD","N/A","N/A"
"S61","Wassmer","D-112","N/A","N/A"
"S61","Wassmer","D-120 Paris-Nice","N/A","N/A"
"S61","WACO","RPT","N/A","N/A"
"S61","Agusta / AgustaWestland","SH-3","N/A","N/A"
"G650ER","N/A","N/A","N/A","N/A"
"PNR2","N/A","N/A","N/A","N/A"
"B461","British Aerospace (BAe)/Avro","BAe 146-100, 100QC, 100QT","Jet","N/A"
"B461","BAe","BAe-146-100","N/A","N/A"
"C27J","Alenia","C-27J Spartan","Turboprop","2"
"CDUS","N/A","N/A","N/A","N/A"
"MM24","N/A","N/A","N/A","N/A"
"BT36","N/A","N/A","N/A","N/A"
"AEST","Piper","PA-60 Aerostar 700P (602P with counter rot engines)","Piston","2"
"AEST","Sud","SA-315 Lama","N/A","N/A"
"PC7","Atlas","PC-7 Astra","N/A","N/A"
"PC7","Pilatus","PC-7 Turbo Trainer","N/A","N/A"
"AEST","Piper","PA-60 Aerostar 702P (700P with reinf nose gear for higher MTOW)","Piston","2"
"PC7","Denel","PC-7 Astra","N/A","N/A"
"PC7","HESA","S-68","N/A","N/A"
"PA27","Piper","PA-23-250 Turbo Aztec","Piston","N/A"
"PA27","Piper","PA-23-250 Aztec","Piston","N/A"
"E300","EXTRA","EA-300","N/A","N/A"
"T214","N/A","N/A","N/A","N/A"
"D11","SIAI-Marchetti","SF-260","N/A","N/A"
"D11","Jodel","D-11","N/A","N/A"
"D11","Jodel","D-120","N/A","N/A"
"D11","SIAI-Marchetti","S-211","N/A","N/A"
"BD-100-1A10 Challenger 350","N/A","N/A","N/A","N/A"
"S10S","N/A","N/A","N/A","N/A"
"IL96","Ilyushin","Il-96","N/A","N/A"
"HUSK","Aviat Aircraft, Inc.","A-1 Husky","Piston","1"
"GA8","Gippsland","GA-8 Airvan","N/A","N/A"
"GLAS","Glasair Aviation (Stoddard-Hamilton Aircraft)","Glasair I","Piston","1"
"GLAS","Glasair Aviation (Stoddard-Hamilton Aircraft)","T-9 Stalker (military Glasair III)","Piston","1"
"GLAS","Glasair Aviation","Merlin","Piston","1"
"GLAS","Glasair Aviation (Stoddard-Hamilton Aircraft)","Glasair II RG","Piston","1"
"GLAS","Glasair Aviation (Stoddard-Hamilton Aircraft)","Glasair III","Piston","1"
"GLAS","Glasair Aviation","Sportsman","Piston","1"
"LNC2","N/A","N/A","N/A","N/A"
"S211","Westland","30","N/A","N/A"
"S211","Wassmer","WA-51 Pacific","N/A","N/A"
"EVSS","Evektor","SportStar RTC","Piston","N/A"
"P28S","N/A","N/A","N/A","N/A"
"Falcom 2000EX","N/A","N/A","N/A","N/A"
"M7","Maule Aircraft Company","M-7","N/A","N/A"
"MD60","MD Helicopters","MD-600N","N/A","N/A"
"MD60","McDonnell Douglas","MD-600N","N/A","N/A"
"VENT","N/A","N/A","N/A","N/A"
"GY80","Van's Aircraft","RV-6","N/A","N/A"
"AJET","Dassault Aviation, Breguet, Dornier","Alpha Jet MS1","Jet","1"
"BDOG","BAe","Bulldog","N/A","N/A"
"BDOG","Yakovlev / Jakovlev","Yak-50","N/A","N/A"
"BDOG","Beagle Aircraft Limited/Scottish Aviation","B.125 Bulldog","Piston","1"
"FK14","N/A","N/A","N/A","N/A"
"C2GA","N/A","N/A","N/A","N/A"
"C46","Curtiss","C-46 Commando","N/A","N/A"
"V22","Bell Helicopter","V-22 Osprey","N/A","N/A"
"V22","Boeing Vertol","V-22 Osprey","N/A","N/A"
"V22","Bell-Boeing","V-22 Osprey","N/A","N/A"
"JS31","British Aerospace (BAe)/Avro","BAe Jetstream 31, BAe-3100","Turboprop","2"
"JS31","BAe","BAe-3100 Jetstream 31","N/A","N/A"
"JS31","BAe","Jetstream T.Mk.3","N/A","N/A"
"JS31","BAe","Jetstream 31","N/A","N/A"
"LA60","Lockheed-Azcarate","LASA-60 Santa Maria","N/A","N/A"
"LA60","Aermacchi / Macchi","AL-60-B2","Piston","1"
"LA60","Atlas","AL-60 Kudu","N/A","N/A"
"LA60","Lockheed","LASA-60","N/A","N/A"
"LJ25","Bombardier","Learjet 25A","Jet","2"
"LJ25","Bombardier","Learjet 25 (all variants except 25A)","Jet","2"
"SLG2","N/A","N/A","N/A","N/A"
"RV14","N/A","N/A","N/A","N/A"
"Z42","Rockwell International","Aero Commander 500","Piston","2"
"Z42","Saab","35 / J35 Draken","N/A","N/A"
"Z42","Rutan","40 Defiant","N/A","N/A"
"Z42","Saab","JAS39 Gripen","N/A","N/A"
"Z42","Ryan","ST-A / ST-M / ST-R","N/A","N/A"
"Z42","Sabreliner Corp","Sabreliner 60","N/A","N/A"
"SVNH","N/A","N/A","N/A","N/A"
"PA39","N/A","N/A","N/A","N/A"
"MU30","Mitsubishi","MU-300 Diamond","N/A","N/A"
"CH7A","American Champion Aircraft Corp","7EC Champ","Piston","1"
"CH7A","Campion","Citabria (7ECA)","N/A","N/A"
"CH7A","Bellanca Aircraft Company","Champ and Ciabria (7ECA)","N/A","N/A"
"CH7A","Aeronca","\"7AC Champion (\"\"Champ\"\")\"","Piston","1"
"CH7A","American Champion Aircraft Corp","7ECA Citabria Aurora","Piston","1"
"CH7A","Campion","Traveler","N/A","N/A"
"D140","Jodel","D-140 Abeille","N/A","N/A"
"D140","Mudry","D-140 Mousquetaire","N/A","N/A"
"D140","Jodel","D-140 Mousquetaire","N/A","N/A"
"H47","Boeing Vertol","CH-47 Chinook","N/A","N/A"
"PIAT","N/A","N/A","N/A","N/A"
"H47","Boeing Vertol","MH-47 Chinook","N/A","N/A"
"LGEZ","N/A","N/A","N/A","N/A"
"B721","Boeing","727-100 and -100C Basic","Jet","2"
"B721","Boeing","727-100 and -100C Option","Jet","2"
"B721","Boeing","C-22","N/A","N/A"
"PUP","Beagle Aircraft Limited","B.121 Pup","Piston","1"
"R200","Alpha","R-2160 Alpha 160","N/A","N/A"
"R200","Robin / Apex","Alpha","N/A","N/A"
"TEXA","N/A","N/A","N/A","N/A"
"C140","N/A","N/A","N/A","N/A"
"B525","N/A","N/A","N/A","N/A"
"GLST","Glasair Aviation (Stoddard-Hamilton Aircraft)","Glastar","Piston","1"
"GLST","Glasair Aviation","Sportsman 2+2","Piston","1"
"R135","Boeing","RC-135","N/A","N/A"
"AS26","N/A","N/A","N/A","N/A"
"HUNT","Hawker","Hunter","N/A","N/A"
"C175","Cessna","175 Skylark","Piston","1"
"BE23","Beechcraft","Model 23 Musketeer, Custom and Sundowner","Piston","1"
"PA12","Piper","PA-12 Super Cruiser","N/A","N/A"
"SAVG","Rockwell International","Aero Commander 100","N/A","N/A"
"B703","Boeing","707-320/420","Jet","4"
"GAZL","Aerospatiale / SNIAS","SA-341 / SA-342 Gazelle","N/A","N/A"
"GAZL","Tecnam","P92 SeaSky Hydroplane","N/A","N/A"
"GAZL","Van's Aircraft","RV-3","N/A","N/A"
"B703","Boeing","C-137 / KC-137","N/A","N/A"
"B703","Boeing","707-320B/C","Jet","4"
"T154","Stinson Aircraft Company","L-5 Sentinel","N/A","N/A"
"FA5X","N/A","N/A","N/A","N/A"
"C195","N/A","N/A","N/A","N/A"
"PA11","Piper","PA-11 Cub Special","N/A","N/A"
"TUCA","Embraer","EMB 312 Tucano","Turboprop","1"
"SKAR","N/A","N/A","N/A","N/A"
"TUCA","Embraer","EMB 312S Short Tucano","Turboprop","1"
"TUCA","Yakovlev / Jakovlev","Yak-12","N/A","N/A"
"FAET","N/A","N/A","N/A","N/A"
"ARCP","N/A","N/A","N/A","N/A"
"P149","Piaggio","P-149","N/A","N/A"
"P149","Focke-Wulf","FWP-149","N/A","N/A"
"A337","N/A","N/A","N/A","N/A"
"M108","N/A","N/A","N/A","N/A"
"SHRK","N/A","N/A","N/A","N/A"
"BE50","Beechcraft","Model 50 Twin Bonanza","Piston","2"
"BE50","Beechcraft","L-23 Seminole (U-8D/E/G is the later designation military version of Twin Bonanza and Queen Air)","Piston","2"
"SC01","N/A","N/A","N/A","N/A"
"LJ24","Bombardier","Learjet 24B, D, F","Jet","2"
"LJ24","Bombardier","Learjet 24E","Jet","2"
"LJ24","Bombardier","Learjet 24B-A, C, D-A, F-A","Jet","2"
"E3TF","Boeing","E-3 (TF33) Sentry","N/A","N/A"
"LJ24","Bombardier","Learjet 24","Jet","2"
"LJ24","Bombardier","Learjet 24A","Jet","2"
"A30B","Airbus","A300-100 (A300-B4-100)","Jet","2"
"A30B","Airbus","A300-200 (A300-C4-200, F4-200)","Jet","2"
"A345","Airbus","A340-500","Jet","4"
"A30B","Airbus","A300-100/200 (A300-B2-100/200)","Jet","2"
"A30B","Airbus","A300-200 (A300-B4-200)","Jet","2"
"SLG4","N/A","N/A","N/A","N/A"
"E400","EXTRA","EA-400","N/A","N/A"
"ALSL","N/A","N/A","N/A","N/A"
"C170","Cessna","170","Piston","1"
"UF10","N/A","N/A","N/A","N/A"
"B58T","N/A","N/A","N/A","N/A"
"BL8","American Champion Aircraft Corp","8GCBC Scout","Piston","1"
"BL8","Bellanca Aircraft Company","8 Decathlon","N/A","N/A"
"BL8","American Champion Aircraft Corp","8KCAB Super Decathlon","Piston","1"
"BL8","Campion","8 Decathlon","N/A","N/A"
"P3","Lockheed","P-3 Orion","N/A","N/A"
"P3","Kawasaki","P-3 Orion","N/A","N/A"
"BL8","American Champion Aircraft Corp","8KCAB Xtreme Decathon","Piston","1"
"P3","Lockheed","CP-140 Aurora","N/A","N/A"
"BL8","American Champion Aircraft Corp","8GCBC Denali Scout","Piston","1"
"BL8","Bellanca Aircraft Company","8 Scout","Piston","1"
"KL07","Bölkow","Kl-107","N/A","N/A"
"KL07","Klemm","Kl-107","N/A","N/A"
"AP22","N/A","N/A","N/A","N/A"
"C700","N/A","N/A","N/A","N/A"
"DUOD","N/A","N/A","N/A","N/A"
"PRIM","N/A","N/A","N/A","N/A"
"CH7B","American Champion Aircraft Corp","7GCBC Citabria High Country Explorer","Piston","1"
"PP3","Pilatus","P-3","N/A","N/A"
"CH7B","American Champion Aircraft Corp","7GCBC Citabria Explorer","Piston","1"
"CH7B","American Champion Aircraft Corp","7GCAA Citabria Adventure","Piston","1"
"CH7B","Bellanca Aircraft Company","7 Citabria (7GCBC)","N/A","N/A"
"ALO3","Tecnam","P92 Eagle US-LSA","N/A","N/A"
"VTOR","Partenavia","AP-68TP-600 Viator","N/A","N/A"
"ALO3","HAL","SA-316 / SE-3160 Chetak / Chetan","N/A","N/A"
"ALO3","Aerospatiale / SNIAS","SA-316 / SA-319 Alouette 3","N/A","N/A"
"ALO3","Tecnam","P92 JS","N/A","N/A"
"JUNR","MFI","MFI-9 Junior","N/A","N/A"
"DG80","N/A","N/A","N/A","N/A"
"JUNR","Bölkow","BO-208 Junior","N/A","N/A"
"BN2T","Britten-Norman","BN-2T Defender 4000 / Turbine Islander","Piston","2"
"K35T","N/A","N/A","N/A","N/A"
"CVLP","Convair","CV-240 Convairliner","N/A","N/A"
"CVLP","Convair","C-131","N/A","N/A"
"CVLP","Convair","CV-440 Metropolitan","N/A","N/A"
"LNC4","N/A","N/A","N/A","N/A"
"TRAL","N/A","N/A","N/A","N/A"
"CVLP","Convair","CV-340 Convairliner","N/A","N/A"
"CP10","Mudry","CAP-10","N/A","N/A"
"CP10","CAP","CAP-10","N/A","N/A"
"DISC","N/A","N/A","N/A","N/A"
"L29","Aero Vodochody","Aero L-29 Delfin","Jet","1"
"D253","Robin / Apex","DR-253 Regent","N/A","N/A"
"RF5","UTVA","66","N/A","N/A"
"GYRO","N/A","N/A","N/A","N/A"
"AT8T","Air Tractor","AT-802F, AT-802F Fire Boss","Turboprop","1"
"AT8T","Air Tractor","AT-802U","Turboprop","1"
"AT8T","Air Tractor","AT-802A","Turboprop","1"
"AS25","N/A","N/A","N/A","N/A"
"COL3","Cessna","350 Corvalis (formerly the Lancair LC-40 Columbia 350)","Piston","1"
"B24","Consolidated","B-24 Liberator","N/A","N/A"
"AS31","N/A","N/A","N/A","N/A"
"TB30","Aerospatiale / SNIAS","TB-30 Epsilon","N/A","N/A"
"TB30","Van's Aircraft","RV-9","N/A","N/A"
"S58P","Volaircraft","Volaire 10","N/A","N/A"
"JAB4","N/A","N/A","N/A","N/A"
"S58P","WACO","PSO","N/A","N/A"
"P212","N/A","N/A","N/A","N/A"
"S58P","WACO","125","N/A","N/A"
"A500","Adam Aircraft Industries","A-500","Piston","2"
"S58P","Wassmer","WA-40 Super 4","N/A","N/A"
"AC68","Aero Commander Aircraft","680-E Commander","Piston","2"
"AC68","Aero Commander Aircraft","680 Commander","Piston","2"
"L200","LET","L-200 Morava","N/A","N/A"
"AC68","Rockwell International","Aero Commander 680","N/A","N/A"
"AC68","Aero Commander Aircraft","680-F Commander","Piston","2"
"AS29","N/A","N/A","N/A","N/A"
"G115","Grob","G-115","N/A","N/A"
"BE65","Beechcraft","Model 65A (Queen Air A65)","Piston","2"
"PA28R","N/A","N/A","N/A","N/A"
"BE65","Beechcraft","Model 65 (Queen Air 65)","Piston","2"
"CMDE","N/A","N/A","N/A","N/A"
"DR30","N/A","N/A","N/A","N/A"
"AN26","Antonov","An-26","N/A","N/A"
"VALI","Sikorsky","S-65","N/A","N/A"
"DHC1","De Havilland Canada","DHC-1 Chipmunk","N/A","N/A"
"DHC1","De Havilland","DHC-1 Chipmunk","N/A","N/A"
"VALI","Convair","BT-13 Valiant","N/A","N/A"
"LNP4","N/A","N/A","N/A","N/A"
"GL7T","N/A","N/A","N/A","N/A"
"BU31","CASA","1-131 Jungmann (Bücker Bü 131)","Piston","1"
"LAMA","Aerospatiale / SNIAS","SA-315 Lama","N/A","N/A"
"PULS","N/A","N/A","N/A","N/A"
"LAMA","Tecnam","P92 Classic De Luxe","N/A","N/A"
"YK42","Scottish Aviation","Jetstream T.Mk.1","N/A","N/A"
"LAMA","HAL","SA-315 Cheetah / Cheetal / Lancer","N/A","N/A"
"YK42","Shenyang","J-5","N/A","N/A"
"HAWK","Hawker-Siddeley","Hawk","N/A","N/A"
"A19N","N/A","N/A","N/A","N/A"
"HAWK","BAe","Hawk","N/A","N/A"
"RF3","N/A","N/A","N/A","N/A"
"T34T","Fuji","T-3Kai","N/A","N/A"
"BD-700-1A11 Global 5000","N/A","N/A","N/A","N/A"
"T34T","Beechcraft","T-34C Turbo Mentor","N/A","N/A"
"G70","N/A","N/A","N/A","N/A"
"ZEPH","N/A","N/A","N/A","N/A"
"TB21","N/A","N/A","N/A","N/A"
"XL2","N/A","N/A","N/A","N/A"
"PA23","Piper","PA-23-235 Apache","Piston","N/A"
"PA23","Piper","PA-23-160 Apache","Piston","N/A"
"C240","N/A","N/A","N/A","N/A"
"PA23","Piper","PA-23-180 Apache","Piston","N/A"
"PA23","Piper","PA-23-150 Apache","Piston","N/A"
"TRIN","Van's Aircraft","RV-8","Piston","N/A"
"TRIN","Daher-Socata","TB-21 Trinadad","Piston","1"
"PA20","Piper","PA-20-150 Pacer","Piston","N/A"
"TWST","N/A","N/A","N/A","N/A"
"A330-200","N/A","N/A","N/A","N/A"
"PA20","Piper","PA-20S-135 Pacer Seaplane","Piston","N/A"
"PA20","Piper","PA-20-135 Pacer","Piston","N/A"
"PA20","Piper","PA-20S Pacer Seaplane","Piston","N/A"
"PA20","Piper","PA-20-115 Pacer","Piston","N/A"
"BE60","Beechcraft","Model 60 Duke (Original 60 and the A60)","Piston","2"
"BE60","Beechcraft","Model 60 Duke (B60)","Piston","2"
"BE60","Beechcraft","Model 60 Royal Turbine Duke","Turboprop","1"
"E4","N/A","N/A","N/A","N/A"
"DR22","N/A","N/A","N/A","N/A"
"UF13","N/A","N/A","N/A","N/A"
"CL2T","Canadair","CL-415","N/A","N/A"
"D150","Jodel","D-150 Mascaret","N/A","N/A"
"T33","Lockheed","T-33 T-Bird","N/A","N/A"
"CL2T","Canadair","CL-215T","N/A","N/A"
"T33","Canadair","CL-30 Silver Star","N/A","N/A"
"T33","Canadair","CT-133 Silver Star","N/A","N/A"
"T33","Lockheed","T-33 Shooting Star","N/A","N/A"
"C320","Cessna","320 Skynight, Executive Skyknight (replaced by T310)","Piston","2"
"BX2","N/A","N/A","N/A","N/A"
"BE95","Beechcraft","Model 95 Travel Air D95A","Piston","2"
"MD81","McDonnell Douglas","MD-81","N/A","N/A"
"EVOT","N/A","N/A","N/A","N/A"
"PISI","N/A","N/A","N/A","N/A"
"ARV1","N/A","N/A","N/A","N/A"
"M6","N/A","N/A","N/A","N/A"
"H1T","N/A","N/A","N/A","N/A"
"KP2","N/A","N/A","N/A","N/A"
"FA62","Fairchild","Cornell","N/A","N/A"
"DG1T","N/A","N/A","N/A","N/A"
"SAKO","N/A","N/A","N/A","N/A"
"M28","PZL Mielec","M-28 Skytruck","N/A","N/A"
"G120","Grob","G-120","N/A","N/A"
"TFUN","N/A","N/A","N/A","N/A"
"MOR2","N/A","N/A","N/A","N/A"
"TRF1","Taylor Aircraft Company","Tailor E-2 Cub","N/A","N/A"
"G159","Grumman","G-159 Gulfstream 1","N/A","N/A"
"FK12","N/A","N/A","N/A","N/A"
"JFOX","N/A","N/A","N/A","N/A"
"PA17","Piper","PA-17 Vagabond","N/A","N/A"
"B222","Bell Helicopter","222","N/A","N/A"
"LNCE","N/A","N/A","N/A","N/A"
"G600","N/A","N/A","N/A","N/A"
"ALTO","N/A","N/A","N/A","N/A"
"LEG2","N/A","N/A","N/A","N/A"
"PA28A","N/A","N/A","N/A","N/A"
"AW119","N/A","N/A","N/A","N/A"
"ESCP","N/A","N/A","N/A","N/A"
"S55P","WACO","9","N/A","N/A"
"EH10","EH Industries","CH-149 Cormorant","N/A","N/A"
"S55P","WACO","10","N/A","N/A"
"G21","Grumman","G-21A Goose","N/A","N/A"
"S55P","Viking (formerly Bombardier formerly De Havilland Canada (DHC))","Dash 6 Twin Otter (DHC-6-400)","Turboprop","2"
"S55P","WACO","IBA, PBA, PLA, RBA, UBA, ULA","N/A","N/A"
"EH10","Agusta / AgustaWestland","EH-101","N/A","N/A"
"F8L","Aviamilano","F-8L Falco","N/A","N/A"
"EH10","Kawasaki","KHI-01","N/A","N/A"
"EH10","EH Industries","EH-101","N/A","N/A"
"BE24","Beechcraft","Model 24 Mukseteer Super III","Piston","1"
"BE24","Beechcraft","Model 24R Sierra (retractable gear)","Piston","1"
"Y18T","Swearingen","SJ-30","N/A","N/A"
"DO28","Dornier","Do 28A / Do-28B Skyservant","N/A","N/A"
"Y18T","Scottish Aviation","Twin Pioneer","N/A","N/A"
"Y18T","Swearingen","SA227-AT Merlin IVC and Expediter","N/A","N/A"
"DH82","De Havilland","DH-82 Tiger Moth","N/A","N/A"
"AS16","N/A","N/A","N/A","N/A"
"CORS","Sikorsky","S-70 Black Hawk","N/A","N/A"
"P47","Republic","F-47 Thunderbolt","N/A","N/A"
"P40","Curtiss","Kittyhawk","N/A","N/A"
"P40","Curtiss","P-40 Warhawk","N/A","N/A"
"CORS","Chance-Vought","F4U Corsair","N/A","N/A"
"OSCR","Partenavia","P-66 Charlie","N/A","N/A"
"OSCR","Partenavia","P-64 Oscar","N/A","N/A"
"MG17","Mikoyan","MiG-17","N/A","N/A"
"MG17","PZL Mielec","LiM-6","N/A","N/A"
"STRK","N/A","N/A","N/A","N/A"
"MG17","PZL Mielec","LiM-5","N/A","N/A"
"MG17","Yakovlev / Jakovlev","Yak-3","N/A","N/A"
"SJ30","Victa / AESL","Aircruiser","N/A","N/A"
"MG17","Chengdu","FT-5","N/A","N/A"
"AR15","Aeronca","15 Sedan","Piston","1"
"SB91","Zlin","Z-37T Agro Turbo","N/A","N/A"
"MG17","Chengdu","JJ-5","N/A","N/A"
"MG17","Yakovlev / Jakovlev","Yak-142","N/A","N/A"
"B209","Bölkow","BO-209 Monsun","N/A","N/A"
"DV1","N/A","N/A","N/A","N/A"
"LM1","N/A","N/A","N/A","N/A"
"D250","Robin / Apex","DR-200","N/A","N/A"
"F18","McDonnell Douglas","FA-18 Super Hornet","N/A","N/A"
"CP30","Piel","Emeraude","N/A","N/A"
"B230","Bell Helicopter","230","N/A","N/A"
"BL17","Bellanca Aircraft Company","Super Viking (17-30A, -31A, -31ATC)","Piston","1"
"PA25","Embraer","PA-25 Pawnee","Piston","1"
"BL17","Bellanca Aircraft Company","Viking (17-30, -31, -31TC)","Piston","1"
"F18","Boeing","FA-18 Super Hornet","N/A","N/A"
"KFIR","Israel Aircraft Industries (IAI)","Kfir (Lion Cub)","N/A","N/A"
"PA25","Piper","PA-25-235 Pawnee","N/A","N/A"
"F18","McDonnell Douglas","FA-18 Hornet","N/A","N/A"
"F18","Boeing","F-18 (EA-18G Growler)","Jet","2"
"B214","Bell Helicopter","214C BigLifter","N/A","N/A"
"F18","Boeing","FA-18 Hornet","N/A","N/A"
"B74S","Boeing","747-SP","Jet","4"
"L37","Lockheed","PV-1 Ventura","N/A","N/A"
"L37","Lockheed","B-34 Lexington","N/A","N/A"
"AAT3","N/A","N/A","N/A","N/A"
"L37","Lockheed","PV-2 Harpoon","N/A","N/A"
"MI8","Mil","Mi-9","N/A","N/A"
"MI8","Mil","Mi-8","N/A","N/A"
"MI8","Mil","Mi-19","N/A","N/A"
"MI8","Mil","Mi-17","N/A","N/A"
"C205","Cessna","205 Skywagon","Piston","1"
"R100","Robin / Apex","R-1180 Aiglon","N/A","N/A"
"B26","Douglas","A-26 Invader","N/A","N/A"
"IL62","Ilyushin","IL-62","N/A","N/A"
"D6SL","N/A","N/A","N/A","N/A"
"J1","Taylorcraft","F-22","N/A","N/A"
"J1","Auster","J-1 Aiglet","N/A","N/A"
"JAB2","N/A","N/A","N/A","N/A"
"JPRO","BAe","BAC-167 Strikemaster","N/A","N/A"
"F260","Aermacchi / Macchi","SIAI-Marchetti SF.260 (now Leonardo SF-260)","Piston","1"
"JPRO","BAC","167 Strikemaster","N/A","N/A"
"F260","Westland","Commando","Helo Turbine","2"
"JPRO","Hunting","P-84 Jet Provost","N/A","N/A"
"PICO","General Avia","F-15 Delfino","N/A","N/A"
"PICO","General Avia","F-15 Picchio","N/A","N/A"
"JPRO","Hunting Percival","P-84 Jet Provost","N/A","N/A"
"JPRO","BAC","145 Jet Provost","N/A","N/A"
"PTS2","Aviat Aircraft, Inc.","Pitts S2 Special","Piston","1"
"H46","Boeing Vertol","CH-46 Sea Knight","N/A","N/A"
"H46","Boeing Vertol","UH-46 Sea Knight","N/A","N/A"
"PTS2","Aerotek","S-2B","N/A","N/A"
"H46","Boeing Vertol","107","N/A","N/A"
"H46","Kawasaki","KV-107","N/A","N/A"
"FA01","N/A","N/A","N/A","N/A"
"NSTR","N/A","N/A","N/A","N/A"
"PTS2","Aerotek","S-2S","N/A","N/A"
"PTS2","Aerotek","S-2A","N/A","N/A"
"H46","Boeing Vertol","CH-113 Labrador","N/A","N/A"
"H46","Boeing Vertol","HH-46 Sea Knight","N/A","N/A"
"D28T","Dornier","Do 128-6 Turbo Skyservant","N/A","N/A"
"L12","Lockheed","L-12 Electra Junior","N/A","N/A"
"NIMB","N/A","N/A","N/A","N/A"
"C207","CASA","C-207A AZOR","N/A","N/A"
"AR11","HAL","HUL-26 Pushpak","N/A","N/A"
"ACAM","N/A","N/A","N/A","N/A"
"P337","Cessna","337 (T337G) Pressurized Skymaster","Piston","2"
"KP5","N/A","N/A","N/A","N/A"
"AR11","Aeronca","11 Chief","Piston","1"
"AT6T","Air Tractor","AT-602","Turboprop","1"
"P337","Reims","FT337G Pressurized Skymaster","N/A","N/A"
"C337","Cessna","337 Skymaster, Turbo, Super Skymaster","Piston","2"
"GA7","Van's Aircraft","RV-9A - Experimental RV-9","Piston","N/A"
"R90F","Zlin","Zlin Z-26 Trener","N/A","N/A"
"S450","N/A","N/A","N/A","N/A"
"UH12","Fairchild-Hiller","OH-23 Raven","N/A","N/A"
"UH12","Hiller","OH-23 Raven","N/A","N/A"
"GA7","Grumman American","GA-7 Cougar","Piston","2"
"A1","Douglas","AD-1 / A-1 / EA-1 Skyraider","N/A","N/A"
"FOUG","Potez","CM-175 Z","N/A","N/A"
"FOUG","Fouga","CM-170R Magister","N/A","N/A"
"ERCO","Air Products","Aircoupe","N/A","N/A"
"U16","Grumman","Albatross","N/A","N/A"
"FOUG","Tecnam","P2012 Traveller","Piston","2"
"ERCO","Mooney International Corporation (former Mooney Aviation Company, Inc.)","A 2-A Cadet (same as Ercoupe 415-C)","Piston","1"
"FOUG","Potez","CM-170R Magister","N/A","N/A"
"ERCO","Forney / Fornaire","Aircoupe","N/A","N/A"
"GA6C","Gulfstream Aerospace Corp.","G600","Jet","2"
"AT01","N/A","N/A","N/A","N/A"
"ERCO","ERCO (Engineering and Research Corporation)","Ercoupe 415-C","Piston","1"
"FOUG","Aerospatiale / SNIAS","CM-170R Magister","N/A","N/A"
"FANT","RFB","Fantrainer","N/A","N/A"
"B29","Boeing","B-29 Superfortress","N/A","N/A"
"PPRO","Percival","P-56 Provost","N/A","N/A"
"PPRO","Hunting Percival","P-56 Provost","N/A","N/A"
"PPRO","Hunting","P-56 Provost","N/A","N/A"
"LAE1","N/A","N/A","N/A","N/A"
"TRIM","Ford","5-AT Tri-Motor","N/A","N/A"
"BRB2","Brantly","B-2","N/A","N/A"
"TRIM","Ford","4-AT Tri-Motor","N/A","N/A"
"G21T","N/A","N/A","N/A","N/A"
"S6","N/A","N/A","N/A","N/A"
"MP02","N/A","N/A","N/A","N/A"
"MI24","Mil","Mi-35","N/A","N/A"
"AN32","Antonov","An-32","N/A","N/A"
"MI24","Mil","Mi-25","N/A","N/A"
"MI24","Mil","Mi-24","N/A","N/A"
"MH90","N/A","N/A","N/A","N/A"
"M5","N/A","N/A","N/A","N/A"
"PKAN","N/A","N/A","N/A","N/A"
"DRON","N/A","N/A","N/A","N/A"
"SBR2","Zlin","Z-182","N/A","N/A"
"SBR2","Rockwell","NA-265 Sabre 80","N/A","N/A"
"SBR2","North American Rockwell","NA-265 Sabre 75","N/A","N/A"
"SPIT","Tecnam","P2002 Sierra RG","N/A","N/A"
"SPIT","Tecnam","P2002 Sierra","N/A","N/A"
"SBR2","Zlin","Z-183","N/A","N/A"
"SBR2","Rockwell","NA-265 Sabre 75","N/A","N/A"
"WA50","Sikorsky","CH-19","N/A","N/A"
"PK20","N/A","N/A","N/A","N/A"
"WA50","Sikorsky","AH-60 Black Hawk","N/A","N/A"
"D2SL","N/A","N/A","N/A","N/A"
"WA50","SIAT","223 Flamingo","N/A","N/A"
"AT5T","Air Tractor","AT-502XP","Turboprop","1"
"BOLT","N/A","N/A","N/A","N/A"
"AT5T","Air Tractor","AT-502B","Turboprop","1"
"AT5T","Air Tractor","AT-504","Turboprop","1"
"PL2","N/A","N/A","N/A","N/A"
"DC3S","Boeing (McDonnell Douglas)","DC-3 Super DC-3","Piston","2"
"C42B","N/A","N/A","N/A","N/A"
"AT5T","Air Tractor","AT-503T","Turboprop","1"
"VEZE","N/A","N/A","N/A","N/A"
"G12T","N/A","N/A","N/A","N/A"
"SASY","N/A","N/A","N/A","N/A"
"HIGH","N/A","N/A","N/A","N/A"
"KR30","N/A","N/A","N/A","N/A"
"N126","N/A","N/A","N/A","N/A"
"C5","Lockheed","C-5B","N/A","N/A"
"A225","Antonov","An-225 Mriya","N/A","N/A"
"C5","Lockheed","C-5B Galaxy","N/A","N/A"
"BE17","Beechcraft","Model 17 Staggerwing","Piston","2"
"JS41","BAe","BAe-4100 Jetstream 41","N/A","N/A"
"VTRA","N/A","N/A","N/A","N/A"
"DHT","N/A","N/A","N/A","N/A"
"CAPL","N/A","N/A","N/A","N/A"
"FURY","Hawker","Fury","N/A","N/A"
"JS41","British Aerospace (BAe)/Avro","BAe Jetstream 41","Turboprop","2"
"G73","Grumman","G-73 Mallard","N/A","N/A"
"FURY","Hawker","Sea Fury","N/A","N/A"
"SW2","Tecnam","Astore","N/A","N/A"
"GDUK","N/A","N/A","N/A","N/A"
"CH70","N/A","N/A","N/A","N/A"
"STAR","Beechcraft","2000 Starship","N/A","N/A"
"B419","N/A","N/A","N/A","N/A"
"L40","Orlican","L-40 Meta Sokol","N/A","N/A"
"DH60","De Havilland","DH-60 Moth","N/A","N/A"
"C295","CASA","C-295","N/A","N/A"
"DH85","De Havilland","DH-85 Leopard Moth","N/A","N/A"
"F5","AIDC","F-5 Chung-Cheng","N/A","N/A"
"S3","Lockheed","S-3 Viking","N/A","N/A"
"DHC7","Bombardier (De Havilland Canada (DHC))","Dash 7 Series 100 (DHC-7-100/101)","Turboprop","N/A"
"DHC7","Bombardier (De Havilland Canada (DHC))","Dash 7 Series 150 (DHC-7-150/151)","Turboprop","N/A"
"TBM","Grumman","G-40 Avenger","Piston","N/A"
"TBM","Grumman","TBF Avenger","N/A","N/A"
"F5","Northrop","F-5 Chung-Cheng","N/A","N/A"
"F5","Canadair","CF-5","N/A","N/A"
"RF4","UTVA","60","N/A","N/A"
"BE4W","N/A","N/A","N/A","N/A"
"RJ70","BAe","Avro RJ-70","N/A","N/A"
"RJ70","BAe","RJ-70","N/A","N/A"
"RJ70","British Aerospace (BAe)/Avro","Avro RJ70","Jet","N/A"
"L188","N/A","N/A","N/A","N/A"
"AS28","N/A","N/A","N/A","N/A"
"AC6L","North American Rockwell","Grand Commander","N/A","N/A"
"AC6L","North American Rockwell","680FL Courser Commander","N/A","N/A"
"APM2","N/A","N/A","N/A","N/A"
"AC6L","Aero Commander Aircraft","685 Commander","Piston","2"
"AC6L","Aero Commander Aircraft","\"680-FL Grand Commander and 680-FL(P) Pressurized Grant Commander (in 1969 the FL(P) was dropped from production and FL aircraft named \"\"Courser\"\")\"","Piston","2"
"AC6L","North American Rockwell","685 Commander","N/A","N/A"
"AC6L","Rockwell","685 Commander","N/A","N/A"
"VELT","N/A","N/A","N/A","N/A"
"H160","N/A","N/A","N/A","N/A"
"PTMS","Aviat Aircraft, Inc.","S-12 Macho Stinker","N/A","N/A"
"SCII","N/A","N/A","N/A","N/A"
"PTMS","Aviat Aircraft, Inc.","S-12 Super Stinker","N/A","N/A"
"SU26","Thrush Aircraft, Inc.","550P","Turboprop","1"
"PTMS","Pitts / Aviat","S-12 Macho Stinker","N/A","N/A"
"PTMS","Pitts / Aviat","S-12 Super Stinker","N/A","N/A"
"RF10","Fournier","RF-10","N/A","N/A"
"YK52","Shenyang","J-8-2 /-3 /-4","N/A","N/A"
"YK52","Aerostar","Yak-52","N/A","N/A"
"BD4","N/A","N/A","N/A","N/A"
"TLEG","N/A","N/A","N/A","N/A"
"P66P","Piaggio","P-166","N/A","N/A"
"AV68","N/A","N/A","N/A","N/A"
"DC87","Boeing (McDonnell Douglas)","DC-8-70","N/A","N/A"
"M9","N/A","N/A","N/A","N/A"
"DC6","Boeing (McDonnell Douglas)","DC-6","N/A","N/A"
"DC6","Boeing (McDonnell Douglas)","DC-6A/B","N/A","N/A"
"WT10","N/A","N/A","N/A","N/A"
"D9","N/A","N/A","N/A","N/A"
"CL2P","Canadair","CL-215","N/A","N/A"
"DH87","De Havilland","DH-87 Hornet Moth","N/A","N/A"
"GC1","Globe","GC-1 Swift","N/A","N/A"
"DH89","De Havilland","DH-89 Dragon Rapide","N/A","N/A"
"MRJ9","N/A","N/A","N/A","N/A"
"HN70","N/A","N/A","N/A","N/A"
"A400M","N/A","N/A","N/A","N/A"
"FA24","Fairchild","UC-61 Forwarder","N/A","N/A"
"FA24","Fairchild","UC-61 Argus","N/A","N/A"
"B742","Boeing","747-200B, -200B COMBI","Jet","4"
"G2T1","N/A","N/A","N/A","N/A"
"CA41","N/A","N/A","N/A","N/A"
"B742","Boeing","E-4 / VC-25","N/A","N/A"
"SU29","Transavia Corporation","PL-12 Airtruk","Piston","1"
"YK50","Shenyang","J-6","N/A","N/A"
"B742","Boeing","747-200C, 200F","Jet","4"
"R300","Robin / Apex","R-300","N/A","N/A"
"E3CF","Boeing","E-3 (CFM56) Sentry","N/A","N/A"
"R300","Robin / Apex","R-3000","N/A","N/A"
"SONX","N/A","N/A","N/A","N/A"
"R300","Robin / Apex","R-3100","N/A","N/A"
"SREY","N/A","N/A","N/A","N/A"
"AC4","N/A","N/A","N/A","N/A"
"R300","Robin / Apex","R-3120","N/A","N/A"
"WA40","SIAI-Marchetti","SF-260TP","N/A","N/A"
"R300","Robin / Apex","R-3140","N/A","N/A"
"DG50","N/A","N/A","N/A","N/A"
"TEST","N/A","N/A","N/A","N/A"
"F16","General Dynamics","F-16 Fighting Falcon","N/A","N/A"
"DHC4","De Havilland Canada","DHC-4 Caribou","N/A","N/A"
"LA25","Lake Aircraft","LA-250 Renegade and Seawolf (military) and LA-270 Turbo Renegade and Seafury (saltwater)","Piston","1"
"SAPH","Piel","CP-1320 Saphir","N/A","N/A"
"SKYR","N/A","N/A","N/A","N/A"
"L29B","Lockheed","L-1329 Jetstar 2","N/A","N/A"
"WAIX","N/A","N/A","N/A","N/A"
"D6CR","N/A","N/A","N/A","N/A"
"PINO","General Avia","F-22 Pinguino","N/A","N/A"
"C190","N/A","N/A","N/A","N/A"
"SCRO","N/A","N/A","N/A","N/A"
"FBA2","N/A","N/A","N/A","N/A"
"C30J-30 Hercules","N/A","N/A","N/A","N/A"
"CRES","PAC","Cresco","N/A","N/A"
"P68T","Partenavia","AP-68TP-300 Spartacus","N/A","N/A"
"PITA","N/A","N/A","N/A","N/A"
"M326","CAC","MB-326","N/A","N/A"
"M326","CAC","CA-30","N/A","N/A"
"XA42","N/A","N/A","N/A","N/A"
"A338","N/A","N/A","N/A","N/A"
"CL4G","Canadair","CL-44-O Guppy","N/A","N/A"
"32Q","N/A","N/A","N/A","N/A"
"VTUR","N/A","N/A","N/A","N/A"
"ELSP","N/A","N/A","N/A","N/A"
"M326","Embraer","AT-26 Xavante","N/A","N/A"
"M326","Atlas","MB-326 Impala","N/A","N/A"
"M326","Aermacchi / Macchi","MB-326","Jet","1"
"M326","Embraer","EMB 326 Xavante","N/A","N/A"
"RV3","SOCATA","TB-20 Trinidad","N/A","N/A"
"ELA7","N/A","N/A","N/A","N/A"
"FUSI","N/A","N/A","N/A","N/A"
"PZ3T","PZL Okecie","PZL-130 Orlik","N/A","N/A"
"MR35","N/A","N/A","N/A","N/A"
"CAT","Consolidated","Catalina / Canso","N/A","N/A"
"CC19","N/A","N/A","N/A","N/A"
"TARR","N/A","N/A","N/A","N/A"
"GY20","N/A","N/A","N/A","N/A"
"RENE","N/A","N/A","N/A","N/A"
"CH7","N/A","N/A","N/A","N/A"
"F28","Fokker","F-28 Fellowship","N/A","N/A"
"ASTO","N/A","N/A","N/A","N/A"
"H145","N/A","N/A","N/A","N/A"
"NAVI","North American Aviation","NA-145 Navion A (miliary L-17A/B/C (redesignated U-18A/B/C))","Piston","1"
"LA4","Lake Aircraft","LA-4-200 Buccaneer/EP","Piston","1"
"NAVI","Zlin","Z-526 Trener Master","N/A","N/A"
"ALO2","Tecnam","P2010 Ptwenty-Ten","N/A","N/A"
"V280","N/A","N/A","N/A","N/A"
"BR60","N/A","N/A","N/A","N/A"
"AS24","N/A","N/A","N/A","N/A"
"PA15","Piper","PA-15 Vagabond","N/A","N/A"
"KOLL","N/A","N/A","N/A","N/A"
"RODS","N/A","N/A","N/A","N/A"
"NAVI","Stearman","Kaydet","N/A","N/A"
"BACE","N/A","N/A","N/A","N/A"
"AN74","N/A","N/A","N/A","N/A"
"NAVI","Stearman","PT-13 Kaydet","N/A","N/A"
"ALO2","Tecnam","P92 Echo Light","N/A","N/A"
"ALO2","Aerospatiale / SNIAS","SA-318 Alouette 2","N/A","N/A"
"LA4","Lake Aircraft","LA-4-180","Piston","1"
"RPAS","N/A","N/A","N/A","N/A"
"M212","N/A","N/A","N/A","N/A"
"TOUR","AESL","Airtourer","N/A","N/A"
"SD4","N/A","N/A","N/A","N/A"
"SATA","Hispano","HA-200 Saeta","N/A","N/A"
"AA1","American Aviation Corporation","AA-1 Yankee Clipper","Piston","1"
"AA1","Grumman American Aviation Corp","AA-1B Trainer and TR-2","Piston","1"
"SATA","CASA","HA-220 Super Saeta","N/A","N/A"
"AA1","Gulfstream American (division of Gulfstream Aerospace)","AA-1C Lynx and T-Cat","Piston","1"
"LJ28","N/A","N/A","N/A","N/A"
"TOUR","Sino Swearingen","SJ-30","N/A","N/A"
"YALE","North American","Yale","N/A","N/A"
"D31","N/A","N/A","N/A","N/A"
"M20E","N/A","N/A","N/A","N/A"
"UHEL","N/A","N/A","N/A","N/A"
"SF28","N/A","N/A","N/A","N/A"
"SATA","Hispano","HA-220 Super Saeta","N/A","N/A"
"T2","North American Rockwell","T-2 Buckeye","N/A","N/A"
"C120","N/A","N/A","N/A","N/A"
"T2","North American","T-2 Buckeye","N/A","N/A"
"WB57","N/A","N/A","N/A","N/A"
"AA1","American Aviation Corporation","AA-1A Trainer","Piston","1"
"Z43","Ryan Aeronautical Company (originally North American NA-145)","Navion B (Super 260)","Piston","1"
"J5","Piper","L-14 Cub Cruiser","N/A","N/A"
"Z43","Saab","37 / JA37 Viggen","N/A","N/A"
"A149","N/A","N/A","N/A","N/A"
"Z43","ROMBAC","IAR-827 Dacic","N/A","N/A"
"P38","Lockheed","F-5 Lightning","N/A","N/A"
"Z43","Sabreliner Corp","Sabreliner 65","N/A","N/A"
"P38","Lockheed","P-38 Lightning","N/A","N/A"
"EGRT","N/A","N/A","N/A","N/A"
"J5","Piper","J-5 Cub Cruiser","N/A","N/A"
"P220","N/A","N/A","N/A","N/A"
"B39M","N/A","N/A","N/A","N/A"
"NG4","N/A","N/A","N/A","N/A"
"RNGR","N/A","N/A","N/A","N/A"
"MC10","N/A","N/A","N/A","N/A"
"T18","N/A","N/A","N/A","N/A"
"MM22","N/A","N/A","N/A","N/A"
"MS76","Morane-Saulnier","MS-760 Paris","N/A","N/A"
"IS28","IAR","IS-28M2","N/A","N/A"
"H207","N/A","N/A","N/A","N/A"
"EVIC","N/A","N/A","N/A","N/A"
"P206","N/A","N/A","N/A","N/A"
"XAIR","N/A","N/A","N/A","N/A"
"TRIS","Britten-Norman","BN-2A Mk III-2 Trislander","Piston","3"
"YK11","Schweizer","G-164 Ag-Cat","N/A","N/A"
"YK11","LET","C-11","N/A","N/A"
"BROU","Max Holste","MH-1521 Broussard","N/A","N/A"
"LEGD","N/A","N/A","N/A","N/A"
"PETR","N/A","N/A","N/A","N/A"
"BE19","N/A","N/A","N/A","N/A"
"ALIG","N/A","N/A","N/A","N/A"
"SYMP","N/A","N/A","N/A","N/A"
"GNAT","Folland","Fo-144 Gnat","N/A","N/A"
"GNAT","Hawker-Siddeley","Gnat","N/A","N/A"
"BEAR","N/A","N/A","N/A","N/A"
"A178","N/A","N/A","N/A","N/A"
"C160","Suchoi / Sukhoi","Su-29","N/A","N/A"
"CH65","N/A","N/A","N/A","N/A"
"ATL","N/A","N/A","N/A","N/A"
"KH4","Kawasaki","KH-4","N/A","N/A"
"HCAT","Grumman","F6F Hellcat","N/A","N/A"
"NIPR","Avions Fairey","T-66 Nipper","N/A","N/A"
"BISC","N/A","N/A","N/A","N/A"
"CH30","N/A","N/A","N/A","N/A"
"333","N/A","N/A","N/A","N/A"
"DA50","Diamond","DA50 SuperStar","Piston","1"
"SMAX","N/A","N/A","N/A","N/A"
"F156","Morane-Saulnier","Criquet","N/A","N/A"
"L18","N/A","N/A","N/A","N/A"
"SWAK","N/A","N/A","N/A","N/A"
"PA16","Piper","PA-16 Clipper","N/A","N/A"
"EAGL","Aviat/Christen","Eagle","Piston","1"
"F156","Benes-Mraz","K-65 Cap","N/A","N/A"
"EAGL","Aviat/Christen","Eagle II","Piston","1"
"DA50","Diamond","DA50-V","Piston","1"
"F156","Fieseler","Fi-156 Storch","N/A","N/A"
"NIPR","VFW","VFW-614","N/A","N/A"
"ACR2","Acro Sport","Acro Sport II","Piston","1"
"BCAT","Grumman","F8F Bearcat","N/A","N/A"
"TCAT","Grumman","F7F Tigercat","N/A","N/A"
"GRND","N/A","N/A","N/A","N/A"
"EXNG","N/A","N/A","N/A","N/A"
"L13S","N/A","N/A","N/A","N/A"
"A10","Fairchild","A-10 Thunderbolt 2","N/A","N/A"
"B200","N/A","N/A","N/A","N/A"
"AAT4","N/A","N/A","N/A","N/A"
"DO27","Dornier","Do 27","N/A","N/A"
"AS22","N/A","N/A","N/A","N/A"
"LANC","AVRO","683 Lancaster","N/A","N/A"
"TMB9","N/A","N/A","N/A","N/A"
"S12S","N/A","N/A","N/A","N/A"
"G6","N/A","N/A","N/A","N/A"
"E230","EXTRA","EA-230","N/A","N/A"
"SA30","N/A","N/A","N/A","N/A"
"CH75","N/A","N/A","N/A","N/A"
"G73T","Grumman","G-73T Turbo Mallard","N/A","N/A"
"PUMA","Aerospatiale / SNIAS","SA-330 Puma","N/A","N/A"
"UAV","N/A","N/A","N/A","N/A"
"737","N/A","N/A","N/A","N/A"
"A748","Hawker-Siddeley","748","N/A","N/A"
"E2","Grumman","E-2 Hawkeye","N/A","N/A"
"A748","Hawker-Siddeley","HS-748 Andover","N/A","N/A"
"HR10","Robin / Apex","HR-100","N/A","N/A"
"A748","Hawker-Siddeley","HS 780 ANDOVER C.MK.1","N/A","N/A"
"PUMA","Shorts Brothers","C-23 Sherpa","N/A","N/A"
"AVID","N/A","N/A","N/A","N/A"
"RBEL","N/A","N/A","N/A","N/A"
"JABI","N/A","N/A","N/A","N/A"
"AUS5","Taylorcraft","Auster 4","N/A","N/A"
"VR7","N/A","N/A","N/A","N/A"
"IR23","N/A","N/A","N/A","N/A"
"JK05","N/A","N/A","N/A","N/A"
"CRER","N/A","N/A","N/A","N/A"
"SBD","Douglas","SBD Dauntless","N/A","N/A"
"E2","Northrop","E-2 Hawkeye","N/A","N/A"
"SX30","N/A","N/A","N/A","N/A"
"PUMA","IAR","IAR-330 Puma","N/A","N/A"
"T35","N/A","N/A","N/A","N/A"
"PZ04","PZL Okecie","PZL-104 Wilga","N/A","N/A"
"S208","Wassmer","WA-80 Piranha","N/A","N/A"
"PUMA","Tecnam","P92 JS SmartBay","N/A","N/A"
"A748","BAe","BAe-748","N/A","N/A"
"A748","AVRO","748","N/A","N/A"
"A5","N/A","N/A","N/A","N/A"
"AUS5","Auster","Auster 5 Alpha","N/A","N/A"
"G1","N/A","N/A","N/A","N/A"
"L101","Lockheed","1011-500","N/A","N/A"
"RARO","N/A","N/A","N/A","N/A"
"KA26","Kamov","Ka-26","N/A","N/A"
"DG40","N/A","N/A","N/A","N/A"
"V322","N/A","N/A","N/A","N/A"
"KC39","N/A","N/A","N/A","N/A"
"WILT","N/A","N/A","N/A","N/A"
"E200","EXTRA","EA-200","N/A","N/A"
"VM1","N/A","N/A","N/A","N/A"
"LN27","N/A","N/A","N/A","N/A"
"L101","Lockheed","1011-250","N/A","N/A"
"J4","Piper","J-4 Cub Coupe","N/A","N/A"
"ACAR","Auster","J-5 Autocar","N/A","N/A"
"EXPR","N/A","N/A","N/A","N/A"
"SV4","Nord / SNCAN","SV-4","N/A","N/A"
"E8","N/A","N/A","N/A","N/A"
"YAK3","Shenyang","F-5","N/A","N/A"
"VAMP","De Havilland","DH-115 Vampire","N/A","N/A"
"L101","Lockheed","1011-100","N/A","N/A"
"WACF","Sikorsky","S-62","N/A","N/A"
"F86","North American","F-86 Sabre","N/A","N/A"
"VAMP","De Havilland","DH-100 Vampire","N/A","N/A"
"EDGE","Schweizer","269D 330","N/A","N/A"
"321","N/A","N/A","N/A","N/A"
"P63","Bell Aircraft","P-63 Kingcobra","N/A","N/A"
"WACF","Sikorsky","S-61A","N/A","N/A"
"L101","Lockheed","L-1011-1  Tristar","N/A","N/A"
"SRAI","N/A","N/A","N/A","N/A"
"S10","Tupolev","Tu-214","N/A","N/A"
"TAYB","Taylorcraft","Auster AOP6","N/A","N/A"
"POLI","N/A","N/A","N/A","N/A"
"L101","Lockheed","1011-200","N/A","N/A"
"WACF","Sikorsky","HO5S","N/A","N/A"
"RELI","Tupolev","Tu-234","N/A","N/A"
"NNJA","N/A","N/A","N/A","N/A"
"VELO","N/A","N/A","N/A","N/A"
"WACF","Sikorsky","S-55T","N/A","N/A"
"P82","North American","F-82 Twin Mustang","N/A","N/A"
"DHC8","N/A","N/A","N/A","N/A"
"B60T","N/A","N/A","N/A","N/A"
"EDGE","Schweizer","269D 333","N/A","N/A"
"WACF","Sikorsky","CH-34 Chocktaw","N/A","N/A"
"AS02","FFA","AS-202 Bravo","N/A","N/A"
"SL1","N/A","N/A","N/A","N/A"
"F86","Canadair","CL-13 Sabre","N/A","N/A"
"P82","North American","P-82 Twin Mustang","N/A","N/A"
"EV55","N/A","N/A","N/A","N/A"
"B14A","Bellanca Aircraft Company","14 Cruisair / Cruisemaster / Junior / Senior","N/A","N/A"
"KA27","Kamov","Ka-31","N/A","N/A"
"SB7","N/A","N/A","N/A","N/A"
"RLU1","N/A","N/A","N/A","N/A"
"S05R","Wassmer","WA-54 Atlantic","N/A","N/A"
"H64","McDonnell Douglas","AH-64 Longbow Apache","N/A","N/A"
"TF22","Taylorcraft","F-21","N/A","N/A"
"ONE","N/A","N/A","N/A","N/A"
"AT3T","Air Tractor","AT-402B","Turboprop","1"
"BER2","Beriev","Be-200 Altair","N/A","N/A"
"AT3T","Air Tractor","AT-302","Piston","1"
"LYNX","SIAI-Marchetti","M-311","N/A","N/A"
"DAL4","N/A","N/A","N/A","N/A"
"M172","N/A","N/A","N/A","N/A"
"NOMA","Australian Government Aircraft Facilities (GAF)","Nomad N22B","Turboprop","2"
"LYNX","Shorts Brothers","330","N/A","N/A"
"H64","Fuji","AH-64 Longbow Apache","N/A","N/A"
"STRM","N/A","N/A","N/A","N/A"
"NOMA","Australian Government Aircraft Facilities (GAF)","Nomad N24A","Turboprop","2"
"F15","Boeing","F-15 Eagle","N/A","N/A"
"H64","McDonnell Douglas","AH-64 Apache","N/A","N/A"
"UL","N/A","N/A","N/A","N/A"
"H64","Hughes","AH-64 Apache","N/A","N/A"
"HUCO","Bell Helicopter","209 HueyCobra","N/A","N/A"
"E530","N/A","N/A","N/A","N/A"
"GA10","N/A","N/A","N/A","N/A"
"HROC","N/A","N/A","N/A","N/A"
"PP2","Pilatus","P-2","N/A","N/A"
"KA27","Kamov","Ka-32","N/A","N/A"
"ARCE","N/A","N/A","N/A","N/A"
"KA27","Kamov","Ka-28","N/A","N/A"
"H64","Boeing Vertol","AH-64 Longbow Apache","N/A","N/A"
"KA27","Kamov","Ka-27","N/A","N/A"
"RV7V","N/A","N/A","N/A","N/A"
"XA85","N/A","N/A","N/A","N/A"
"AC14","N/A","N/A","N/A","N/A"
"H64","Hughes","77 Apache","N/A","N/A"
"SA10","N/A","N/A","N/A","N/A"
"TAIL","N/A","N/A","N/A","N/A"
"MAGC","N/A","N/A","N/A","N/A"
"KA27","Kamov","Ka-29","N/A","N/A"
"DG60","N/A","N/A","N/A","N/A"
"LA8","N/A","N/A","N/A","N/A"
"HB23","N/A","N/A","N/A","N/A"
"G2GL","Van's Aircraft","RV-10 - Experimental","Piston","N/A"
"MC23","N/A","N/A","N/A","N/A"
"AT7","N/A","N/A","N/A","N/A"
"KA32","N/A","N/A","N/A","N/A"
"C335","Cessna","335            --- COPY 340 ___________","Piston","2"
"MR25","N/A","N/A","N/A","N/A"
"J300","N/A","N/A","N/A","N/A"
