"country_iso_2_code","report_year","country_iso_3_code","country_name","continent_name","country_lat","country_lng","total_cases","population","cases_population_ratio","covid19_percentage","covid19_percentage_label"
"BS","2019","BHS","Bahamas","North America","25.03428","-77.39628","","","","",""
"ES","2019","ESP","Spain","Europe","40.463667","-3.74922","","","","",""
"LC","2020","LCA","Saint Lucia","North America","13.909444","-60.978893","9.0","183629.0","0.0076240680938196035","0.0076240680938196035","0.01%"
"LU","2021","LUX","Luxembourg","Europe","49.815273","6.129583","63467.0","625976.0","10.13888711388296","10.13888711388296",""
"PN","2020","PCN","Pitcairn Islands","Oceania","-24.703615","-127.439308","","","","",""
"SH","2021","SHN","Saint Helena","Africa","-24.143474","-10.030696","0","6071.0","0.0","0.0","0.00%"
"TR","2019","TUR","Turkey","Asia","38.963745","35.243322","","","","",""
"ZM","2020","ZMB","Zambia","Africa","-13.133897","27.849332","39.0","18383956.0","2.1214149990350282E-4","2.1214149990350282E-4","0.00%"
"GP","2019","GLP","Guadeloupe","North America","16.995971","-62.067641","","","","",""
"ST","2020","STP","São Tomé and Príncipe","Africa","0.18636","6.613081","","","","",""
"NF","2019","NFK","Norfolk Island","Oceania","-29.040835","167.954712","","","","",""
"RU","2020","RUS","Russia","Asia","61.52401","105.318756","5389.0","145934460.0","0.0036927535826699193","0.0036927535826699193","0.00%"
"UA","2021","UKR","Ukraine","Europe","48.379433","31.16558","1905430.0","43733759.0","4.356885947078092","4.356885947078092","4.36%"
"AZ","2020","AZE","Azerbaijan","Asia","40.143105","47.576927","584.0","10139175.0","0.005759837462120932","0.005759837462120932","0.01%"
"BN","2021","BRN","Brunei","Asia","4.535277","114.727669","219.0","437483.0","0.050059088010276975","0.050059088010276975","0.05%"
"CY","2020","CYP","Cyprus","Europe","35.126413","33.429859","446.0","875899.0","0.05091911282008542","0.05091911282008542","0.05%"
"DE","2021","DEU","Germany","Europe","51.165691","10.451526","3012158.0","83783945.0","3.595149404817355","3.595149404817355","3.60%"
"MK","2020","MKD","Macedonia [FYROM]","Europe","41.608635","21.745275","555.0","2083380.0","0.026639403277366587","0.026639403277366587","0.03%"
"NR","2019","NRU","Nauru","Oceania","-0.522778","166.931503","","","","",""
"QA","2020","QAT","Qatar","Asia","25.354826","51.183884","949.0","2881060.0","0.05567395333661916","0.05567395333661916","0.06%"
"AF","2019","AFG","Afghanistan","Asia","33.93911","67.709953","","","","",""
"BG","2019","BGR","Bulgaria","Europe","42.733883","25.48583","","","","",""
"KY","2021","CYM","Cayman Islands","North America","19.513469","-80.566956","0","65720.0","0.0","0.0","0.00%"
"MR","2021","MRT","Mauritania","Africa","21.00789","-10.940835","18022.0","4649660.0","0.3875982329890788","0.3875982329890788","0.39%"
"CY","2019","CYP","Cyprus","Europe","35.126413","33.429859","","","","",""
"MK","2021","MKD","Macedonia [FYROM]","Europe","41.608635","21.745275","141844.0","2083380.0","6.808359492747362","6.808359492747362","6.81%"
"TV","2021","TUV","Tuvalu","Oceania","-7.109535","177.64933","","","","",""
"BG","2021","BGR","Bulgaria","Europe","42.733883","25.48583","371993.0","6948445.0","5.353615089419287","5.353615089419287","5.35%"
"CH","2019","CHE","Switzerland","Europe","46.818188","8.227512","","","","",""
"CL","2019","CHL","Chile","South America","-35.675147","-71.542969","","","","",""
"KG","2019","KGZ","Kyrgyzstan","Asia","41.20438","74.766098","","","","",""
"US","2021","USA","United States","North America","37.09024","-95.712891","31197877.0","331002647.0","9.425265109737929","9.425265109737929","9.43%"
"NI","2021","NIC","Nicaragua","North America","12.865416","-85.207229","6727.0","6624554.0","0.10154645882575641","0.10154645882575641","0.10%"
"AN","2019","","Netherlands Antilles","North America","12.226079","-69.060087","","","","",""
"BO","2019","BOL","Bolivia","South America","-16.290154","-63.588653","","","","",""
"CG","2019","COG","Congo [Republic]","Africa","-0.228021","15.827659","","","","",""
"SC","2021","SYC","Seychelles","Africa","-4.679574","55.491977","4430.0","98340.0","4.504779336994102","4.504779336994102","4.50%"
"DZ","2020","DZA","Algeria","Africa","28.033886","1.659626","986.0","43851043.0","0.0030101906584069165","0.0030101906584069165","0.00%"
"GG","2019","GGY","Guernsey","Europe","49.465691","-2.585278","","","","",""
"JP","2019","JPN","Japan","Asia","36.204824","138.252924","","","","",""
"PM","2020","SPM","Saint Pierre and Miquelon","North America","46.941936","-56.27111","","","","",""
"SL","2020","SLE","Sierra Leone","Africa","8.460555","-11.779889","6.0","7976985.0","7.521638814664939E-5","7.521638814664939E-5","0.00%"
"VE","2021","VEN","Venezuela","South America","6.42375","-66.58973","174887.0","28435943.0","0.6150209261567307","0.6150209261567307","0.62%"
"JE","2020","JEY","Jersey","Europe","49.214439","-2.13125","","","","",""
"MS","2019","MSR","Montserrat","North America","16.742498","-62.187366","","","","",""
"SM","2021","SMR","San Marino","Europe","43.94236","12.457777","4956.0","33938.0","14.60309977016913","14.60309977016913",""
"TT","2021","TTO","Trinidad and Tobago","North America","10.691803","-61.222503","8404.0","1399491.0","0.6005040403975446","0.6005040403975446","0.60%"
"CD","2020","COD","Congo [DRC]","Africa","-4.038333","21.758664","98.0","89561404.0","1.719490685965575E-4","1.719490685965575E-4","0.00%"
"CM","2019","CMR","Cameroon","Africa","7.369722","12.354722","","","","",""
"MN","2020","MNG","Mongolia","Asia","46.862496","103.846656","14.0","3278292.0","4.2705164762626394E-4","4.2705164762626394E-4","0.00%"
"NO","2019","NOR","Norway","Europe","60.472024","8.468946","","","","",""
"SV","2019","SLV","El Salvador","North America","13.794185","-88.89653","","","","",""
"CK","2019","COK","Cook Islands","Oceania","-21.236736","-159.777671","","","","",""
"GT","2020","GTM","Guatemala","North America","15.783471","-90.230759","61.0","17915567.0","3.4048601420206236E-4","3.4048601420206236E-4","0.00%"
"MD","2020","MDA","Moldova","Europe","47.411631","28.369885","864.0","4033963.0","0.021418143894725857","0.021418143894725857","0.02%"
"WF","2021","WLF","Wallis and Futuna","Oceania","-13.768752","-177.156097","0","11246.0","0.0","0.0","0.00%"
"CF","2019","CAF","Central African Republic","Africa","6.611111","20.939444","","","","",""
"PR","2021","PRI","Puerto Rico","North America","18.220833","-66.590149","","","","",""
"TG","2021","TGO","Togo","Africa","8.619543","0.824782","12006.0","8278737.0","0.14502212112789667","0.14502212112789667","0.15%"
"IQ","2020","IRQ","Iraq","Asia","33.223191","43.679291","961.0","40222503.0","0.0023892098410683194","0.0023892098410683194","0.00%"
"AI","2021","AIA","Anguilla","North America","18.220554","-63.068615","0","15002.0","0.0","0.0","0.00%"
"CA","2020","CAN","Canada","North America","56.130366","-106.346771","9560.0","37742157.0","0.04174642164728423","0.04174642164728423","0.04%"
"NI","2019","NIC","Nicaragua","North America","12.865416","-85.207229","","","","",""
"BV","2019","BVT","Bouvet Island","Antarctica","-54.423199","3.413194","","","","",""
"CL","2020","CHL","Chile","South America","-35.675147","-71.542969","4665.0","19116209.0","0.024403374120883486","0.024403374120883486","0.02%"
"KE","2020","KEN","Kenya","Africa","-0.023559","37.906193","81.0","53771300.0","2.640813965814477E-4","2.640813965814477E-4","0.00%"
"BB","2020","BRB","Barbados","North America","13.193887","-59.543198","56.0","287371.0","0.019487004603804838","0.019487004603804838","0.02%"
"SN","2020","SEN","Senegal","Africa","14.497401","-14.452362","222.0","16743930.0","0.0013258536078447534","0.0013258536078447534","0.00%"
"TH","2019","THA","Thailand","Asia","15.870032","100.992541","","","","",""
"BT","2021","BTN","Bhutan","Asia","27.514162","90.433601","918.0","771612.0","0.11897171117089937","0.11897171117089937","0.12%"
"CI","2019","CIV","Côte d'Ivoire","Africa","7.539989","-5.54708","","","","",""
"HT","2020","HTI","Haiti","North America","18.971187","-72.285215","18.0","11402533.0","1.578596615330997E-4","1.578596615330997E-4","0.00%"
"MN","2019","MNG","Mongolia","Asia","46.862496","103.846656","","","","",""
"SN","2021","SEN","Senegal","Africa","14.497401","-14.452362","39431.0","16743930.0","0.23549429554471382","0.23549429554471382","0.24%"
"BV","2020","BVT","Bouvet Island","Antarctica","-54.423199","3.413194","","","","",""
"EE","2019","EST","Estonia","Europe","58.595272","25.013607","","","","",""
"KN","2021","KNA","Saint Kitts and Nevis","North America","17.357822","-62.782998","44.0","53192.0","0.0827192058956234","0.0827192058956234","0.08%"
"LI","2021","LIE","Liechtenstein","Europe","47.166","9.555373","2753.0","38137.0","7.218711487531793","7.218711487531793","7.22%"
"AO","2021","AGO","Angola","Africa","-11.202692","17.873887","23457.0","32866268.0","0.0713710482735673","0.0713710482735673","0.07%"
"CF","2021","CAF","Central African Republic","Africa","6.611111","20.939444","5491.0","4829764.0","0.11369085528816728","0.11369085528816728","0.11%"
"IO","2021","IOT","British Indian Ocean Territory","Asia","-6.343194","71.876519","","","","",""
"ET","2020","ETH","Ethiopia","Africa","9.145","40.489673","43.0","114963583.0","3.740314878669013E-5","3.740314878669013E-5","0.00%"
"LY","2021","LBY","Libya","Africa","26.3351","17.228331","167825.0","6871287.0","2.442409988114308","2.442409988114308","2.44%"
"GU","2019","GUM","Guam","Oceania","13.444304","144.793731","","","","",""
"LB","2021","LBN","Lebanon","Asia","33.854721","35.862285","496846.0","6825442.0","7.2793234489429395","7.2793234489429395","7.28%"
"ML","2021","MLI","Mali","Africa","17.570692","-3.996166","11844.0","20250834.0","0.058486480112374624","0.058486480112374624","0.06%"
"NA","2020","NAM","Namibia","Africa","-22.95764","18.49041","16.0","2540916.0","6.29694173282391E-4","6.29694173282391E-4","0.00%"
"SA","2021","SAU","Saudi Arabia","Asia","23.885942","45.079162","398435.0","34813867.0","1.14447211509138","1.14447211509138","1.14%"
"SK","2019","SVK","Slovakia","Europe","48.669026","19.699024","","","","",""
"SZ","2021","SWZ","Swaziland","Africa","-26.522503","31.465866","17376.0","1160164.0","1.4977192879627363","1.4977192879627363","1.50%"
"TJ","2021","TJK","Tajikistan","Asia","38.861034","71.276093","13308.0","9537642.0","0.13953134328170422","0.13953134328170422","0.14%"
"TZ","2021","TZA","Tanzania","Africa","-6.369028","34.888822","509.0","59734213.0","8.52107987092757E-4","8.52107987092757E-4","0.00%"
"AN","2020","","Netherlands Antilles","North America","12.226079","-69.060087","","","","",""
"GA","2021","GAB","Gabon","Africa","-0.803689","11.609444","20636.0","2225728.0","0.9271573166173046","0.9271573166173046","0.93%"
"GY","2020","GUY","Guyana","South America","4.860416","-58.93018","8.0","786559.0","0.00305126506721047","0.00305126506721047","0.00%"
"YE","2020","YEM","Yemen","Asia","15.552727","48.516388","","","","",""
"MU","2020","MUS","Mauritius","Africa","-20.348404","57.552152","227.0","1271767.0","0.01784918149315087","0.01784918149315087","0.02%"
"BI","2020","BDI","Burundi","Africa","-3.373056","29.918886","3.0","11890781.0","2.5229629576055604E-5","2.5229629576055604E-5","0.00%"
"CC","2019","CCK","Cocos [Keeling] Islands","Asia","-12.164165","96.870956","","","","",""
"GP","2021","GLP","Guadeloupe","North America","16.995971","-62.067641","","","","",""
"NP","2020","NPL","Nepal","Asia","28.394857","84.124008","9.0","29136808.0","3.088876447962316E-5","3.088876447962316E-5","0.00%"
"AR","2021","ARG","Argentina","South America","-38.416097","-63.616672","2532562.0","45195777.0","5.6035368083172905","5.6035368083172905","5.60%"
"AT","2019","AUT","Austria","Europe","47.516231","14.550072","","","","",""
"CO","2021","COL","Colombia","South America","4.570868","-74.297333","2536198.0","50882884.0","4.984383353742292","4.984383353742292","4.98%"
"TD","2019","TCD","Chad","Africa","15.454166","18.732207","","","","",""
"DO","2020","DOM","Dominican Republic","North America","18.735693","-70.162651","901.0","10847904.0","0.01608605680876232","0.01608605680876232","0.02%"
"ER","2021","ERI","Eritrea","Africa","15.179384","39.782334","3447.0","3546427.0","0.09719641769025557","0.09719641769025557","0.10%"
"KZ","2020","KAZ","Kazakhstan","Asia","48.019573","66.923684","584.0","18776707.0","0.003110236528694835","0.003110236528694835","0.00%"
"NU","2021","NIU","Niue","Oceania","-19.054445","-169.867233","","","","",""
"HT","2019","HTI","Haiti","North America","18.971187","-72.285215","","","","",""
"TR","2020","TUR","Turkey","Asia","38.963745","35.243322","27069.0","84339067.0","0.03209544634872472","0.03209544634872472","0.03%"
"GG","2020","GGY","Guernsey","Europe","49.465691","-2.585278","","","","",""
"GW","2019","GNB","Guinea-Bissau","Africa","11.803749","-15.180413","","","","",""
"MW","2021","MWI","Malawi","Africa","-13.254308","34.301525","33827.0","19129955.0","0.176827389296002","0.176827389296002","0.18%"
"RU","2019","RUS","Russia","Asia","61.52401","105.318756","","","","",""
"XK","2019","","Kosovo","","42.602636","20.902977","","","","",""
"AT","2020","AUT","Austria","Europe","47.516231","14.550072","9618.0","9006400.0","0.13380484988452657","0.13380484988452657","0.13%"
"GU","2020","GUM","Guam","Oceania","13.444304","144.793731","","","","",""
"NC","2021","NCL","New Caledonia","Oceania","-20.904305","165.618042","0","285491.0","0.0","0.0","0.00%"
"PW","2020","PLW","Palau","Oceania","7.51498","134.58252","","","","",""
"TO","2021","TON","Tonga","Oceania","-21.178986","-175.198242","","","","",""
"AL","2019","ALB","Albania","Europe","41.153332","20.168331","","","","",""
"FO","2020","FRO","Faroe Islands","Europe","61.892635","-6.911806","","","","",""
"CN","2021","CHN","China","Asia","35.86166","104.195397","90475.0","1439323774.0","0.006285937996324655","0.006285937996324655","0.01%"
"TO","2019","TON","Tonga","Oceania","-21.178986","-175.198242","","","","",""
"IS","2019","ISL","Iceland","Europe","64.963051","-19.020835","","","","",""
"MM","2020","MMR","Myanmar [Burma]","Asia","21.913965","95.956223","21.0","54409794.0","3.8595992478854084E-5","3.8595992478854084E-5","0.00%"
"RW","2021","RWA","Rwanda","Africa","-1.940278","29.873888","23426.0","12952209.0","0.1808649011145512","0.1808649011145512","0.18%"
"TZ","2019","TZA","Tanzania","Africa","-6.369028","34.888822","","","","",""
"UY","2019","URY","Uruguay","South America","-32.522779","-55.765835","","","","",""
"VG","2020","VGB","British Virgin Islands","North America","18.420695","-64.639968","","","","",""
"VU","2019","VUT","Vanuatu","Oceania","-15.376706","166.959158","","","","",""
"CC","2020","CCK","Cocos [Keeling] Islands","Asia","-12.164165","96.870956","","","","",""
"HR","2020","HRV","Croatia","Europe","45.1","15.2","963.0","4105268.0","0.028792273732189958","0.028792273732189958","0.03%"
"NR","2020","NRU","Nauru","Oceania","-0.522778","166.931503","","","","",""
"VC","2021","VCT","Saint Vincent and the Grenadines","North America","12.984305","-61.287228","1792.0","110947.0","1.6151856291742903","1.6151856291742903","1.62%"
"VE","2020","VEN","Venezuela","South America","6.42375","-66.58973","159.0","28435943.0","5.591514935868313E-4","5.591514935868313E-4","0.00%"
"AO","2020","AGO","Angola","Africa","-11.202692","17.873887","8.0","32866268.0","4.259686557658448E-5","4.259686557658448E-5","0.00%"
"GR","2019","GRC","Greece","Europe","39.074208","21.824312","","","","",""
"SK","2021","SVK","Slovakia","Europe","48.669026","19.699024","371062.0","5459643.0","6.796451709388325","6.796451709388325","6.80%"
"AD","2019","AND","Andorra","Europe","42.546245","1.601554","","","","",""
"ZW","2020","ZWE","Zimbabwe","Africa","-19.015438","29.154857","9.0","14862927.0","6.055334861027037E-5","6.055334861027037E-5","0.00%"
"CI","2020","CIV","Côte d'Ivoire","Africa","7.539989","-5.54708","261.0","26378275.0","9.894505990251446E-4","9.894505990251446E-4","0.00%"
"IM","2021","IMN","Isle of Man","Europe","54.236107","-4.548056","0","85032.0","0.0","0.0","0.00%"
"IR","2019","IRN","Iran","Asia","32.427908","53.688046","","","","",""
"MW","2019","MWI","Malawi","Africa","-13.254308","34.301525","","","","",""
"BN","2020","BRN","Brunei","Asia","4.535277","114.727669","135.0","437483.0","0.030858341924143336","0.030858341924143336","0.03%"
"DM","2019","DMA","Dominica","North America","15.414999","-61.370976","","","","",""
"EC","2020","ECU","Ecuador","South America","-1.831239","-78.183406","3646.0","17643060.0","0.020665349434848605","0.020665349434848605","0.02%"
"NU","2019","NIU","Niue","Oceania","-19.054445","-169.867233","","","","",""
"AD","2021","AND","Andorra","Europe","42.546245","1.601554","12545.0","77265.0","16.23632951530447","16.23632951530447",""
"BD","2020","BGD","Bangladesh","Asia","23.684994","90.356331","88.0","164689383.0","5.343392415283989E-5","5.343392415283989E-5","0.00%"
"ER","2020","ERI","Eritrea","Africa","15.179384","39.782334","29.0","3546427.0","8.177244308144507E-4","8.177244308144507E-4","0.00%"
"FO","2019","FRO","Faroe Islands","Europe","61.892635","-6.911806","","","","",""
"MK","2019","MKD","Macedonia [FYROM]","Europe","41.608635","21.745275","","","","",""
"RS","2020","SRB","Serbia","Europe","44.016521","21.005859","900.0","6804596.0","0.028039871874832832","0.028039871874832832","0.03%"
"MT","2020","MLT","Malta","Europe","35.937496","14.375416","227.0","441539.0","0.05141108712933626","0.05141108712933626","0.05%"
"NG","2020","NGA","Nigeria","Africa","9.081999","8.675277","232.0","206139587.0","1.1254509790009428E-4","1.1254509790009428E-4","0.00%"
"PN","2019","PCN","Pitcairn Islands","Oceania","-24.703615","-127.439308","","","","",""
"MD","2021","MDA","Moldova","Europe","47.411631","28.369885","241217.0","4033963.0","5.979653259090378","5.979653259090378","5.98%"
"RE","2021","REU","Réunion","Africa","-21.115141","55.536384","","","","",""
"AS","2020","ASM","American Samoa","Oceania","-14.270972","-170.132217","","","","",""
"MV","2021","MDV","Maldives","Asia","3.202778","73.22068","25617.0","540542.0","4.739132204343048","4.739132204343048","4.74%"
"MY","2019","MYS","Malaysia","Asia","4.210484","101.975766","","","","",""
"VI","2019","VIR","U.S. Virgin Islands","North America","18.335765","-64.896335","","","","",""
"GA","2019","GAB","Gabon","Africa","-0.803689","11.609444","","","","",""
"BI","2021","BDI","Burundi","Africa","-3.373056","29.918886","3154.0","11890781.0","0.02652475056095979","0.02652475056095979","0.03%"
"MD","2019","MDA","Moldova","Europe","47.411631","28.369885","","","","",""
"GY","2021","GUY","Guyana","South America","4.860416","-58.93018","11149.0","786559.0","1.4174397597637305","1.4174397597637305","1.42%"
"LT","2020","LTU","Lithuania","Europe","55.169438","23.881275","716.0","2722291.0","0.02630137630400277","0.02630137630400277","0.03%"
"SA","2020","SAU","Saudi Arabia","Asia","23.885942","45.079162","2402.0","34813867.0","0.006899549538693877","0.006899549538693877","0.01%"
"TL","2020","TLS","Timor-Leste","Asia","-8.874217","125.727539","1.0","1318442.0","7.584709831755967E-5","7.584709831755967E-5","0.00%"
"AQ","2021","ATA","Antarctica","Antarctica","-75.250973","-0.071389","","","","",""
"AZ","2021","AZE","Azerbaijan","Asia","40.143105","47.576927","285993.0","10139175.0","2.820673279630739","2.820673279630739","2.82%"
"JO","2019","JOR","Jordan","Asia","30.585164","36.238414","","","","",""
"PE","2019","PER","Peru","South America","-9.189967","-75.015152","","","","",""
"UY","2021","URY","Uruguay","South America","-32.522779","-55.765835","144642.0","3473727.0","4.163885072142975","4.163885072142975","4.16%"
"MQ","2021","MTQ","Martinique","North America","14.641528","-61.024174","","","","",""
"TO","2020","TON","Tonga","Oceania","-21.178986","-175.198242","","","","",""
"ME","2020","MNE","Montenegro","Europe","42.708678","19.37439","91.0","628062.0","0.0340730692192809","0.0340730692192809","0.03%"
"MH","2021","MHL","Marshall Islands","Oceania","7.131474","171.184478","4.0","59194.0","0.006757441632597898","0.006757441632597898","0.01%"
"MX","2019","MEX","Mexico","North America","23.634501","-102.552784","","","","",""
"PA","2020","PAN","Panama","North America","8.537981","-80.782127","989.0","4314768.0","0.041740367037115325","0.041740367037115325","0.04%"
"PK","2021","PAK","Pakistan","Asia","30.375321","69.345116","725602.0","220892331.0","0.32848673229855135","0.32848673229855135","0.33%"
"UG","2020","UGA","Uganda","Africa","1.373333","32.290275","52.0","45741000.0","1.1368356616602173E-4","1.1368356616602173E-4","0.00%"
"AI","2020","AIA","Anguilla","North America","18.220554","-63.068615","","","","",""
"MX","2021","MEX","Mexico","North America","23.634501","-102.552784","2280213.0","128932753.0","1.7685289012637464","1.7685289012637464","1.77%"
"ZW","2021","ZWE","Zimbabwe","Africa","-19.015438","29.154857","37288.0","14862927.0","0.25087925144219575","0.25087925144219575","0.25%"
"BS","2020","BHS","Bahamas","North America","25.03428","-77.39628","28.0","393248.0","0.007120188786719831","0.007120188786719831","0.01%"
"FI","2020","FIN","Finland","Europe","61.92411","25.748151","1927.0","5540718.0","0.03477888605772754","0.03477888605772754","0.03%"
"FK","2019","FLK","Falkland Islands [Islas Malvinas]","South America","-51.796253","-59.523613","","","","",""
"AF","2020","AFG","Afghanistan","Asia","33.93911","67.709953","338.0","38928341.0","8.68262020207848E-4","8.68262020207848E-4","0.00%"
"MG","2020","MDG","Madagascar","Africa","-18.766947","46.869107","72.0","27691019.0","2.600120999519736E-4","2.600120999519736E-4","0.00%"
"NG","2019","NGA","Nigeria","Africa","9.081999","8.675277","","","","",""
"BE","2020","BEL","Belgium","Europe","50.503887","4.469936","19691.0","11589616.0","0.1699020916655047","0.1699020916655047","0.17%"
"FR","2021","FRA","France","Europe","46.227638","2.213749","5119585.0","67564251.0","7.57735773611995","7.57735773611995","7.58%"
"IO","2020","IOT","British Indian Ocean Territory","Asia","-6.343194","71.876519","","","","",""
"TH","2020","THA","Thailand","Asia","15.870032","100.992541","2169.0","69799978.0","0.0031074508361592893","0.0031074508361592893","0.00%"
"TK","2019","TKL","Tokelau","Oceania","-8.967363","-171.855881","","","","",""
"AF","2021","AFG","Afghanistan","Asia","33.93911","67.709953","57160.0","38928341.0","0.14683389667183608","0.14683389667183608","0.15%"
"AS","2019","ASM","American Samoa","Oceania","-14.270972","-170.132217","","","","",""
"ET","2021","ETH","Ethiopia","Africa","9.145","40.489673","228996.0","114963583.0","0.19919003394318355","0.19919003394318355","0.20%"
"GQ","2019","GNQ","Equatorial Guinea","Africa","1.650801","10.267895","","","","",""
"NR","2021","NRU","Nauru","Oceania","-0.522778","166.931503","0","10834.0","0.0","0.0","0.00%"
"WS","2020","WSM","Samoa","Oceania","-13.759029","-172.104629","","","","",""
"CX","2020","CXR","Christmas Island","Asia","-10.447525","105.690449","","","","",""
"LC","2021","LCA","Saint Lucia","North America","13.909444","-60.978893","4348.0","183629.0","2.3678177194234027","2.3678177194234027","2.37%"
"MO","2019","MAC","Macau","Asia","22.198745","113.543873","","","","",""
"NC","2020","NCL","New Caledonia","Oceania","-20.904305","165.618042","","","","",""
"QA","2021","QAT","Qatar","Asia","25.354826","51.183884","190025.0","2881060.0","6.595662707475721","6.595662707475721","6.60%"
"YT","2019","MYT","Mayotte","Africa","-12.8275","45.166244","","","","",""
"IN","2020","IND","India","Asia","20.593684","78.96288","3588.0","1380004385.0","2.599991738432049E-4","2.599991738432049E-4","0.00%"
"SD","2021","SDN","Sudan","Africa","12.862807","30.217636","31833.0","43849269.0","0.07259642116268802","0.07259642116268802","0.07%"
"SB","2020","SLB","Solomon Islands","Oceania","-9.64571","160.156194","","","","",""
"KW","2019","KWT","Kuwait","Asia","29.31166","47.481766","","","","",""
"SZ","2020","SWZ","Swaziland","Africa","-26.522503","31.465866","9.0","1160164.0","7.75752393627108E-4","7.75752393627108E-4","0.00%"
"GN","2021","GIN","Guinea","Africa","9.945587","-9.696645","20949.0","13132792.0","0.15951672728845473","0.15951672728845473","0.16%"
"HK","2021","HKG","Hong Kong","Asia","22.396428","114.109497","11581.0","7496988.0","0.15447537064218322","0.15447537064218322","0.15%"
"IQ","2019","IRQ","Iraq","Asia","33.223191","43.679291","","","","",""
"NZ","2019","NZL","New Zealand","Oceania","-40.900557","174.885971","","","","",""
"US","2019","USA","United States","North America","37.09024","-95.712891","","","","",""
"JE","2019","JEY","Jersey","Europe","49.214439","-2.13125","","","","",""
"JO","2021","JOR","Jordan","Asia","30.585164","36.238414","665735.0","10203140.0","6.5248051090154595","6.5248051090154595","6.52%"
"PA","2019","PAN","Panama","North America","8.537981","-80.782127","","","","",""
"RO","2021","ROU","Romania","Europe","45.943161","24.96676","998555.0","19237682.0","5.230188335580139","5.230188335580139","5.23%"
"GM","2021","GMB","Gambia","Africa","13.443182","-15.310139","5602.0","2416664.0","0.23180715233892674","0.23180715233892674","0.23%"
"SD","2020","SDN","Sudan","Africa","12.862807","30.217636","7.0","43849269.0","2.7366476736476497E-5","2.7366476736476497E-5","0.00%"
"TC","2019","TCA","Turks and Caicos Islands","North America","21.694025","-71.797928","","","","",""
"TD","2020","TCD","Chad","Africa","15.454166","18.732207","9.0","16425859.0","5.479165503612322E-5","5.479165503612322E-5","0.00%"
"VA","2020","VAT","Vatican City","Europe","41.902916","12.453389","7.0","809.0","0.865265760197775","0.865265760197775","0.87%"
"VU","2020","VUT","Vanuatu","Oceania","-15.376706","166.959158","","","","",""
"KZ","2019","KAZ","Kazakhstan","Asia","48.019573","66.923684","","","","",""
"NO","2020","NOR","Norway","Europe","60.472024","8.468946","5687.0","5421242.0","0.10490216079636362","0.10490216079636362","0.10%"
"PA","2021","PAN","Panama","North America","8.537981","-80.782127","358611.0","4314768.0","8.311246398415859","8.311246398415859","8.31%"
"CG","2021","COG","Congo [Republic]","Africa","-0.228021","15.827659","9681.0","5518092.0","0.18274432539363245","0.18274432539363245","0.18%"
"GZ","2021","","Gaza Strip","","31.354676","34.308825","","","","",""
"KY","2020","CYM","Cayman Islands","North America","19.513469","-80.566956","","","","",""
"ST","2019","STP","São Tomé and Príncipe","Africa","0.18636","6.613081","","","","",""
"TG","2019","TGO","Togo","Africa","8.619543","0.824782","","","","",""
"BB","2021","BRB","Barbados","North America","13.193887","-59.543198","3730.0","287371.0","1.2979736995034292","1.2979736995034292","1.30%"
"CH","2020","CHE","Switzerland","Europe","46.818188","8.227512","21100.0","8654618.0","0.2438004773867547","0.2438004773867547","0.24%"
"FJ","2020","FJI","Fiji","Oceania","-16.578193","179.414413","7.0","896444.0","0.0013386223790889335","0.0013386223790889335","0.00%"
"GL","2019","GRL","Greenland","North America","71.706936","-42.604303","","","","",""
"LR","2019","LBR","Liberia","Africa","6.428055","-9.429499","","","","",""
"MW","2020","MWI","Malawi","Africa","-13.254308","34.301525","4.0","19129955.0","2.0909615312738582E-5","2.0909615312738582E-5","0.00%"
"PE","2020","PER","Peru","South America","-9.189967","-75.015152","950.0","32971846.0","0.006918023334210648","0.006918023334210648","0.01%"
"HM","2021","HMD","Heard Island and McDonald Islands","Antarctica","-53.08181","73.504158","","","","",""
"PW","2021","PLW","Palau","Oceania","7.51498","134.58252","","","","",""
"BJ","2021","BEN","Benin","Africa","9.30769","2.315834","7515.0","12123198.0","0.061988594098685845","0.061988594098685845","0.06%"
"BO","2021","BOL","Bolivia","South America","-16.290154","-63.588653","282095.0","11673029.0","2.416639245906097","2.416639245906097","2.42%"
"IQ","2021","IRQ","Iraq","Asia","33.223191","43.679291","924946.0","40222503.0","2.2995734502151692","2.2995734502151692","2.30%"
"JM","2021","JAM","Jamaica","North America","18.109581","-77.297508","42500.0","2961161.0","1.4352478639290467","1.4352478639290467","1.44%"
"PG","2019","PNG","Papua New Guinea","Oceania","-6.314993","143.95555","","","","",""
"QA","2019","QAT","Qatar","Asia","25.354826","51.183884","","","","",""
"SE","2020","SWE","Sweden","Europe","60.128161","18.643501","7172.0","10099270.0","0.07101503375986581","0.07101503375986581","0.07%"
"ST","2021","STP","São Tomé and Príncipe","Africa","0.18636","6.613081","2266.0","219161.0","1.0339430829390266","1.0339430829390266","1.03%"
"VA","2021","VAT","Vatican City","Europe","41.902916","12.453389","27.0","809.0","3.3374536464771323","3.3374536464771323","3.34%"
"VC","2019","VCT","Saint Vincent and the Grenadines","North America","12.984305","-61.287228","","","","",""
"CF","2020","CAF","Central African Republic","Africa","6.611111","20.939444","8.0","4829764.0","1.6563956334098313E-4","1.6563956334098313E-4","0.00%"
"CK","2020","COK","Cook Islands","Oceania","-21.236736","-159.777671","","","","",""
"AQ","2019","ATA","Antarctica","Antarctica","-75.250973","-0.071389","","","","",""
"BJ","2019","BEN","Benin","Africa","9.30769","2.315834","","","","",""
"HM","2020","HMD","Heard Island and McDonald Islands","Antarctica","-53.08181","73.504158","","","","",""
"IN","2019","IND","India","Asia","20.593684","78.96288","","","","",""
"LV","2019","LVA","Latvia","Europe","56.879635","24.603189","","","","",""
"PH","2021","PHL","Philippines","Asia","12.879721","121.774017","864868.0","109581085.0","0.7892493490094573","0.7892493490094573","0.79%"
"RO","2019","ROU","Romania","Europe","45.943161","24.96676","","","","",""
"WF","2019","WLF","Wallis and Futuna","Oceania","-13.768752","-177.156097","","","","",""
"ZW","2019","ZWE","Zimbabwe","Africa","-19.015438","29.154857","","","","",""
"DO","2019","DOM","Dominican Republic","North America","18.735693","-70.162651","","","","",""
"GT","2019","GTM","Guatemala","North America","15.783471","-90.230759","","","","",""
"MA","2020","MAR","Morocco","Africa","31.791702","-7.09262","919.0","36910558.0","0.002766146206730335","0.002766146206730335","0.00%"
"EG","2019","EGY","Egypt","Africa","26.820553","30.802498","","","","",""
"NP","2019","NPL","Nepal","Asia","28.394857","84.124008","","","","",""
"OM","2021","OMN","Oman","Asia","21.512583","55.923255","171549.0","5106622.0","3.3593440047060463","3.3593440047060463","3.36%"
"AR","2020","ARG","Argentina","South America","-38.416097","-63.616672","820.0","45195777.0","0.0032104769434542525","0.0032104769434542525","0.00%"
"AW","2019","ABW","Aruba","North America","12.52111","-69.968338","","","","",""
"EH","2019","ESH","Western Sahara","Africa","24.215527","-12.885834","","","","",""
"HT","2021","HTI","Haiti","North America","18.971187","-72.285215","12840.0","11402533.0","0.11260655856027779","0.11260655856027779","0.11%"
"VG","2021","VGB","British Virgin Islands","North America","18.420695","-64.639968","","","","",""
"GM","2019","GMB","Gambia","Africa","13.443182","-15.310139","","","","",""
"GW","2021","GNB","Guinea-Bissau","Africa","11.803749","-15.180413","3680.0","1967998.0","0.18699205995128043","0.18699205995128043","0.19%"
"SY","2020","SYR","Syria","Asia","34.802075","38.996815","19.0","17500657.0","1.0856735264281793E-4","1.0856735264281793E-4","0.00%"
"TZ","2020","TZA","Tanzania","Africa","-6.369028","34.888822","22.0","59734213.0","3.6829814766288125E-5","3.6829814766288125E-5","0.00%"
"AU","2020","AUS","Australia","Oceania","-25.274398","133.775136","5687.0","25499881.0","0.022302064860616408","0.022302064860616408","0.02%"
"SM","2019","SMR","San Marino","Europe","43.94236","12.457777","","","","",""
"ID","2020","IDN","Indonesia","Asia","-0.789275","113.921327","2273.0","273523621.0","8.310068401734123E-4","8.310068401734123E-4","0.00%"
"LS","2021","LSO","Lesotho","Africa","-29.609988","28.233608","10707.0","2142252.0","0.4998011438430212","0.4998011438430212","0.50%"
"SK","2020","SVK","Slovakia","Europe","48.669026","19.699024","485.0","5459643.0","0.008883364718169301","0.008883364718169301","0.01%"
"BY","2019","BLR","Belarus","Europe","53.709807","27.953389","","","","",""
"CH","2021","CHE","Switzerland","Europe","46.818188","8.227512","617543.0","8654618.0","7.135416028760599","7.135416028760599","7.14%"
"CK","2021","COK","Cook Islands","Oceania","-21.236736","-159.777671","","","","",""
"DM","2021","DMA","Dominica","North America","15.414999","-61.370976","165.0","71991.0","0.22919531608117683","0.22919531608117683","0.23%"
"FR","2020","FRA","France","Europe","46.227638","2.213749","64452.0","67564251.0","0.09539364241601672","0.09539364241601672","0.10%"
"NG","2021","NGA","Nigeria","Africa","9.081999","8.675277","163799.0","206139587.0","0.07946023487473078","0.07946023487473078","0.08%"
"PF","2020","PYF","French Polynesia","Oceania","-17.679742","-149.406843","","","","",""
"MC","2020","MCO","Monaco","Europe","43.750298","7.412841","73.0","39244.0","0.18601569666700643","0.18601569666700643","0.19%"
"NE","2021","NER","Niger","Africa","17.607789","8.081666","5074.0","24206636.0","0.020961194277470032","0.020961194277470032","0.02%"
"PF","2019","PYF","French Polynesia","Oceania","-17.679742","-149.406843","","","","",""
"SE","2021","SWE","Sweden","Europe","60.128161","18.643501","857401.0","10099270.0","8.489732426205062","8.489732426205062","8.49%"
"AW","2021","ABW","Aruba","North America","12.52111","-69.968338","0","106766.0","0.0","0.0","0.00%"
"FJ","2021","FJI","Fiji","Oceania","-16.578193","179.414413","68.0","896444.0","0.00758552681483729","0.00758552681483729","0.01%"
"GB","2019","GBR","United Kingdom","Europe","55.378051","-3.435973","","","","",""
"PK","2020","PAK","Pakistan","Asia","30.375321","69.345116","3766.0","220892331.0","0.0017049030099646149","0.0017049030099646149","0.00%"
"AW","2020","ABW","Aruba","North America","12.52111","-69.968338","","","","",""
"EH","2021","ESH","Western Sahara","Africa","24.215527","-12.885834","","","","",""
"GU","2021","GUM","Guam","Oceania","13.444304","144.793731","","","","",""
"ID","2021","IDN","Indonesia","Asia","-0.789275","113.921327","1566995.0","273523621.0","0.5728920209052073","0.5728920209052073","0.57%"
"JO","2020","JOR","Jordan","Asia","30.585164","36.238414","345.0","10203140.0","0.0033813120274738956","0.0033813120274738956","0.00%"
"MU","2021","MUS","Mauritius","Africa","-20.348404","57.552152","1192.0","1271767.0","0.09372786052791117","0.09372786052791117","0.09%"
"AG","2020","ATG","Antigua and Barbuda","North America","17.060816","-61.796428","9.0","97928.0","0.015317376031369985","0.015317376031369985","0.02%"
"AL","2021","ALB","Albania","Europe","41.153332","20.168331","128393.0","2877800.0","4.461498366807978","4.461498366807978","4.46%"
"BW","2021","BWA","Botswana","Africa","-22.328474","24.684866","42674.0","2351625.0","1.8146600754797213","1.8146600754797213","1.81%"
"JM","2020","JAM","Jamaica","North America","18.109581","-77.297508","58.0","2961161.0","0.0019586912025384637","0.0019586912025384637","0.00%"
"NL","2019","NLD","Netherlands","Europe","52.132633","5.291266","","","","",""
"KG","2021","KGZ","Kyrgyzstan","Asia","41.20438","74.766098","90227.0","6524191.0","1.3829607379673587","1.3829607379673587","1.38%"
"PN","2021","PCN","Pitcairn Islands","Oceania","-24.703615","-127.439308","","","","",""
"BZ","2019","BLZ","Belize","North America","17.189877","-88.49765","","","","",""
"GI","2020","GIB","Gibraltar","Europe","36.137741","-5.345374","","","","",""
"MG","2021","MDG","Madagascar","Africa","-18.766947","46.869107","28063.0","27691019.0","0.10134332723544771","0.10134332723544771","0.10%"
"NF","2021","NFK","Norfolk Island","Oceania","-29.040835","167.954712","","","","",""
"TT","2020","TTO","Trinidad and Tobago","North America","10.691803","-61.222503","98.0","1399491.0","0.007431273227194744","0.007431273227194744","0.01%"
"GH","2020","GHA","Ghana","Africa","7.946527","-1.023194","214.0","31072945.0","6.887020203588685E-4","6.887020203588685E-4","0.00%"
"HU","2021","HUN","Hungary","Europe","47.162494","19.503304","720164.0","9660350.0","7.454843768600517","7.454843768600517","7.45%"
"AU","2019","AUS","Australia","Oceania","-25.274398","133.775136","","","","",""
"BY","2021","BLR","Belarus","Europe","53.709807","27.953389","336038.0","9449321.0","3.55621319246113","3.55621319246113","3.56%"
"LR","2020","LBR","Liberia","Africa","6.428055","-9.429499","7.0","5057677.0","2.570349984785505E-4","2.570349984785505E-4","0.00%"
"KW","2020","KWT","Kuwait","Asia","29.31166","47.481766","556.0","4270563.0","0.013019360679142306","0.013019360679142306","0.01%"
"ZA","2020","ZAF","South Africa","Africa","-30.559482","22.937506","1655.0","59308690.0","0.002790484834515819","0.002790484834515819","0.00%"
"GM","2020","GMB","Gambia","Africa","13.443182","-15.310139","4.0","2416664.0","1.655174240192265E-4","1.655174240192265E-4","0.00%"
"KR","2020","KOR","South Korea","Asia","35.907757","127.766922","9976.0","51269183.0","0.01996716038950728","0.01996716038950728","0.02%"
"TF","2020","ATF","French Southern Territories","Antarctica","-49.280366","69.348557","","","","",""
"GL","2021","GRL","Greenland","North America","71.706936","-42.604303","0","56772.0","0.0","0.0","0.00%"
"ME","2021","MNE","Montenegro","Europe","42.708678","19.37439","94269.0","628062.0","15.009505430992482","15.009505430992482",""
"NL","2021","NLD","Netherlands","Europe","52.132633","5.291266","1374451.0","17134873.0","8.021366718037537","8.021366718037537","8.02%"
"MZ","2020","MOZ","Mozambique","Africa","-18.665695","35.529562","8.0","31255435.0","3.199443552777301E-5","3.199443552777301E-5","0.00%"
"WF","2020","WLF","Wallis and Futuna","Oceania","-13.768752","-177.156097","","","","",""
"AI","2019","AIA","Anguilla","North America","18.220554","-63.068615","","","","",""
"BM","2020","BMU","Bermuda","North America","32.321384","-64.75737","","","","",""
"BR","2021","BRA","Brazil","South America","-14.235004","-51.92528","13482023.0","212559409.0","6.342708169648703","6.342708169648703","6.34%"
"LI","2019","LIE","Liechtenstein","Europe","47.166","9.555373","","","","",""
"MP","2021","MNP","Northern Mariana Islands","Oceania","17.33083","145.38469","","","","",""
"UZ","2020","UZB","Uzbekistan","Asia","41.377491","64.585262","342.0","33469199.0","0.001021835031068416","0.001021835031068416","0.00%"
"XK","2021","","Kosovo","","42.602636","20.902977","","","","",""
"AG","2019","ATG","Antigua and Barbuda","North America","17.060816","-61.796428","","","","",""
"AN","2021","","Netherlands Antilles","North America","12.226079","-69.060087","","","","",""
"EC","2019","ECU","Ecuador","South America","-1.831239","-78.183406","","","","",""
"FK","2021","FLK","Falkland Islands [Islas Malvinas]","South America","-51.796253","-59.523613","0","3483.0","0.0","0.0","0.00%"
"KG","2020","KGZ","Kyrgyzstan","Asia","41.20438","74.766098","94.0","6524191.0","0.002253152919649348","0.002253152919649348","0.00%"
"BA","2020","BIH","Bosnia and Herzegovina","Europe","43.915886","17.679076","654.0","3280815.0","0.01993407125973272","0.01993407125973272","0.02%"
"GF","2020","GUF","French Guiana","South America","3.933889","-53.125782","","","","",""
"HN","2020","HND","Honduras","North America","15.199999","-86.241905","268.0","9904608.0","0.0027058112749136563","0.0027058112749136563","0.00%"
"PF","2021","PYF","French Polynesia","Oceania","-17.679742","-149.406843","0","280904.0","0.0","0.0","0.00%"
"TW","2019","TWN","Taiwan","Asia","23.69781","120.960515","","","","",""
"CA","2019","CAN","Canada","North America","56.130366","-106.346771","","","","",""
"LB","2020","LBN","Lebanon","Asia","33.854721","35.862285","527.0","6825442.0","0.0077211116877119465","0.0077211116877119465","0.01%"
"CX","2021","CXR","Christmas Island","Asia","-10.447525","105.690449","","","","",""
"GY","2019","GUY","Guyana","South America","4.860416","-58.93018","","","","",""
"KP","2020","PRK","North Korea","Asia","40.339852","127.510093","","","","",""
"KY","2019","CYM","Cayman Islands","North America","19.513469","-80.566956","","","","",""
"KI","2021","KIR","Kiribati","Oceania","-3.370417","-168.734039","","","","",""
"MP","2020","MNP","Northern Mariana Islands","Oceania","17.33083","145.38469","","","","",""
"PT","2020","PRT","Portugal","Europe","39.399872","-8.224454","9886.0","10196707.0","0.11060433530158316","0.11060433530158316","0.11%"
"RU","2021","RUS","Russia","Asia","61.52401","105.318756","4589209.0","145934460.0","3.144705506841907","3.144705506841907","3.14%"
"AM","2021","ARM","Armenia","Asia","40.069099","45.038189","202817.0","2963234.0","6.844447654150837","6.844447654150837","6.84%"
"DK","2020","DNK","Denmark","Europe","56.26392","9.501785","4561.0","5792203.0","0.07874378712210191","0.07874378712210191","0.08%"
"DM","2020","DMA","Dominica","North America","15.414999","-61.370976","14.0","71991.0","0.019446875303857424","0.019446875303857424","0.02%"
"MU","2019","MUS","Mauritius","Africa","-20.348404","57.552152","","","","",""
"MC","2021","MCO","Monaco","Europe","43.750298","7.412841","2375.0","39244.0","6.0518805422484965","6.0518805422484965","6.05%"
"MH","2020","MHL","Marshall Islands","Oceania","7.131474","171.184478","","","","",""
"MQ","2019","MTQ","Martinique","North America","14.641528","-61.024174","","","","",""
"VC","2020","VCT","Saint Vincent and the Grenadines","North America","12.984305","-61.287228","7.0","110947.0","0.0063093188639620715","0.0063093188639620715","0.01%"
"BO","2020","BOL","Bolivia","South America","-16.290154","-63.588653","97.0","11673029.0","0.001344980810036538","0.001344980810036538","0.00%"
"CX","2019","CXR","Christmas Island","Asia","-10.447525","105.690449","","","","",""
"CZ","2020","CZE","Czech Republic","Europe","49.817492","15.472962","4587.0","10708982.0","0.04283320300659764","0.04283320300659764","0.04%"
"DK","2021","DNK","Denmark","Europe","56.26392","9.501785","238484.0","5792203.0","4.1173280701660495","4.1173280701660495","4.12%"
"FM","2019","FSM","Micronesia","Oceania","7.425554","150.550812","","","","",""
"FM","2020","FSM","Micronesia","Oceania","7.425554","150.550812","","","","",""
"MA","2021","MAR","Morocco","Africa","31.791702","-7.09262","502102.0","36910558.0","1.3603208057705332","1.3603208057705332","1.36%"
"NE","2020","NER","Niger","Africa","17.607789","8.081666","98.0","24206636.0","7.601221417135367E-4","7.601221417135367E-4","0.00%"
"MN","2021","MNG","Mongolia","Asia","46.862496","103.846656","15014.0","3278292.0","0.4579823883900519","0.4579823883900519","0.46%"
"TM","2021","TKM","Turkmenistan","Asia","38.969719","59.556278","","","","",""
"ZM","2021","ZMB","Zambia","Africa","-13.133897","27.849332","90029.0","18383956.0","0.4897150537131399","0.4897150537131399","0.49%"
"AE","2020","ARE","United Arab Emirates","Asia","23.424076","53.847818","814.0","9890400.0","0.018189355334465744","0.018189355334465744","0.02%"
"LU","2019","LUX","Luxembourg","Europe","49.815273","6.129583","","","","",""
"ES","2021","ESP","Spain","Europe","40.463667","-3.74922","3347512.0","46754783.0","7.159720963735411","7.159720963735411","7.16%"
"GE","2021","GEO","Georgia","Asia","42.315407","43.356892","288396.0","3989175.0","7.229464738949782","7.229464738949782","7.23%"
"GQ","2020","GNQ","Equatorial Guinea","Africa","1.650801","10.267895","16.0","1402985.0","0.0011404255925758294","0.0011404255925758294","0.00%"
"IE","2020","IRL","Ireland","Europe","53.41291","-8.24389","4994.0","4937796.0","0.10113824062395449","0.10113824062395449","0.10%"
"MZ","2019","MOZ","Mozambique","Africa","-18.665695","35.529562","","","","",""
"GR","2020","GRC","Greece","Europe","39.074208","21.824312","1735.0","10423056.0","0.016645789871991477","0.016645789871991477","0.02%"
"GZ","2020","","Gaza Strip","","31.354676","34.308825","","","","",""
"TN","2019","TUN","Tunisia","Africa","33.886917","9.537499","","","","",""
"NL","2020","NLD","Netherlands","Europe","52.132633","5.291266","17953.0","17134873.0","0.10477463124471363","0.10477463124471363","0.10%"
"AG","2021","ATG","Antigua and Barbuda","North America","17.060816","-61.796428","1198.0","97928.0","1.2233477657054161","1.2233477657054161","1.22%"
"BZ","2021","BLZ","Belize","North America","17.189877","-88.49765","12485.0","397621.0","3.139924702166133","3.139924702166133","3.14%"
"KM","2019","COM","Comoros","Africa","-11.875001","43.872219","","","","",""
"GE","2019","GEO","Georgia","Asia","42.315407","43.356892","","","","",""
"HM","2019","HMD","Heard Island and McDonald Islands","Antarctica","-53.08181","73.504158","","","","",""
"MV","2019","MDV","Maldives","Asia","3.202778","73.22068","","","","",""
"UG","2021","UGA","Uganda","Africa","1.373333","32.290275","41140.0","45741000.0","0.08994119061673335","0.08994119061673335","0.09%"
"AT","2021","AUT","Austria","Europe","47.516231","14.550072","577007.0","9006400.0","6.406633060934447","6.406633060934447","6.41%"
"BF","2019","BFA","Burkina Faso","Africa","12.238333","-1.561593","","","","",""
"KI","2019","KIR","Kiribati","Oceania","-3.370417","-168.734039","","","","",""
"KP","2021","PRK","North Korea","Asia","40.339852","127.510093","","","","",""
"LS","2020","LSO","Lesotho","Africa","-29.609988","28.233608","","","","",""
"PS","2019","PSE","Palestinian Territories","Asia","31.952162","35.233154","","","","",""
"GI","2019","GIB","Gibraltar","Europe","36.137741","-5.345374","","","","",""
"GR","2021","GRC","Greece","Europe","39.074208","21.824312","295480.0","10423056.0","2.8348691592945485","2.8348691592945485","2.83%"
"LT","2021","LTU","Lithuania","Europe","55.169438","23.881275","226173.0","2722291.0","8.308186009504496","8.308186009504496","8.31%"
"PY","2020","PRY","Paraguay","South America","-23.442503","-58.443832","96.0","7132530.0","0.001458108132738313","0.001458108132738313","0.00%"
"SB","2019","SLB","Solomon Islands","Oceania","-9.64571","160.156194","","","","",""
"TM","2020","TKM","Turkmenistan","Asia","38.969719","59.556278","","","","",""
"ZA","2021","ZAF","South Africa","Africa","-30.559482","22.937506","1558458.0","59308690.0","2.627705990471211","2.627705990471211","2.63%"
"PG","2021","PNG","Papua New Guinea","Oceania","-6.314993","143.95555","8442.0","8947027.0","0.09435536519561191","0.09435536519561191","0.09%"
"HN","2021","HND","Honduras","North America","15.199999","-86.241905","195780.0","9904608.0","1.9766557141887897","1.9766557141887897","1.98%"
"MS","2020","MSR","Montserrat","North America","16.742498","-62.187366","","","","",""
"GL","2020","GRL","Greenland","North America","71.706936","-42.604303","","","","",""
"MQ","2020","MTQ","Martinique","North America","14.641528","-61.024174","","","","",""
"VE","2019","VEN","Venezuela","South America","6.42375","-66.58973","","","","",""
"EE","2020","EST","Estonia","Europe","58.595272","25.013607","961.0","1326539.0","0.08269640018122347","0.08269640018122347","0.08%"
"FI","2021","FIN","Finland","Europe","61.92411","25.748151","82053.0","5540718.0","1.4809091529292775","1.4809091529292775","1.48%"
"FK","2020","FLK","Falkland Islands [Islas Malvinas]","South America","-51.796253","-59.523613","","","","",""
"GB","2021","GBR","United Kingdom","Europe","55.378051","-3.435973","4384954.0","67886004.0","6.459290194780061","6.459290194780061","6.46%"
"KR","2021","KOR","South Korea","Asia","35.907757","127.766922","110146.0","51269183.0","0.21483860977460864","0.21483860977460864","0.21%"
"ZA","2019","ZAF","South Africa","Africa","-30.559482","22.937506","","","","",""
"OM","2020","OMN","Oman","Asia","21.512583","55.923255","298.0","5106622.0","0.005835560180487218","0.005835560180487218","0.01%"
"BE","2019","BEL","Belgium","Europe","50.503887","4.469936","","","","",""
"IT","2021","ITA","Italy","Europe","41.87194","12.56738","3769814.0","60461828.0","6.235031464811153","6.235031464811153","6.24%"
"PW","2019","PLW","Palau","Oceania","7.51498","134.58252","","","","",""
"SM","2020","SMR","San Marino","Europe","43.94236","12.457777","266.0","33938.0","0.7837821910542754","0.7837821910542754","0.78%"
"HK","2020","HKG","Hong Kong","Asia","22.396428","114.109497","890.0","7496988.0","0.011871434234655304","0.011871434234655304","0.01%"
"PR","2020","PRI","Puerto Rico","North America","18.220833","-66.590149","","","","",""
"SL","2019","SLE","Sierra Leone","Africa","8.460555","-11.779889","","","","",""
"SL","2021","SLE","Sierra Leone","Africa","8.460555","-11.779889","4005.0","7976985.0","0.050206939087888466","0.050206939087888466","0.05%"
"CV","2019","CPV","Cape Verde","Africa","16.002082","-24.013197","","","","",""
"GD","2019","GRD","Grenada","North America","12.262776","-61.604171","","","","",""
"IL","2020","ISR","Israel","Asia","31.046051","34.851612","8740.0","8655541.0","0.10097577956132378","0.10097577956132378","0.10%"
"JP","2021","JPN","Japan","Asia","36.204824","138.252924","506237.0","126476458.0","0.4002618416148245","0.4002618416148245","0.40%"
"KN","2020","KNA","Saint Kitts and Nevis","North America","17.357822","-62.782998","9.0","53192.0","0.01879981952173259","0.01879981952173259","0.02%"
"LY","2019","LBY","Libya","Africa","26.3351","17.228331","","","","",""
"SO","2019","SOM","Somalia","Africa","5.152149","46.199616","","","","",""
"CC","2021","CCK","Cocos [Keeling] Islands","Asia","-12.164165","96.870956","","","","",""
"PY","2019","PRY","Paraguay","South America","-23.442503","-58.443832","","","","",""
"BH","2020","BHR","Bahrain","Asia","25.930414","50.637772","700.0","1701583.0","0.041138163698156364","0.041138163698156364","0.04%"
"CO","2020","COL","Colombia","South America","4.570868","-74.297333","906.0","50882884.0","0.002918466649807035","0.002918466649807035","0.00%"
"GB","2020","GBR","United Kingdom","Europe","55.378051","-3.435973","61422.0","67886004.0","0.09047814922203994","0.09047814922203994","0.09%"
"PY","2021","PRY","Paraguay","South America","-23.442503","-58.443832","235292.0","7132530.0","3.2988574881563766","3.2988574881563766","3.30%"
"RO","2020","ROU","Romania","Europe","45.943161","24.96676","3864.0","19237682.0","0.020085579957086305","0.020085579957086305","0.02%"
"RW","2020","RWA","Rwanda","Africa","-1.940278","29.873888","89.0","12952209.0","8.029518362466202E-4","8.029518362466202E-4","0.00%"
"UM","2021","UMI","U.S. Minor Outlying Islands","North America","","","","","","",""
"FM","2021","FSM","Micronesia","Oceania","7.425554","150.550812","1.0","115021.0","8.694064562123438E-4","8.694064562123438E-4","0.00%"
"KM","2021","COM","Comoros","Africa","-11.875001","43.872219","3789.0","869595.0","0.43572007658737694","0.43572007658737694","0.44%"
"PS","2021","PSE","Palestinian Territories","Asia","31.952162","35.233154","268132.0","5101416.0","5.256030874565023","5.256030874565023","5.26%"
"AM","2019","ARM","Armenia","Asia","40.069099","45.038189","","","","",""
"GG","2021","GGY","Guernsey","Europe","49.465691","-2.585278","0","67052.0","0.0","0.0","0.00%"
"KZ","2021","KAZ","Kazakhstan","Asia","48.019573","66.923684","323207.0","18776707.0","1.7213188659758072","1.7213188659758072","1.72%"
"ET","2019","ETH","Ethiopia","Africa","9.145","40.489673","","","","",""
"LK","2021","LKA","Sri Lanka","Asia","7.873054","80.771797","95131.0","21413250.0","0.44426231422133494","0.44426231422133494","0.44%"
"SG","2019","SGP","Singapore","Asia","1.352083","103.819836","","","","",""
"BD","2021","BGD","Bangladesh","Asia","23.684994","90.356331","684756.0","164689383.0","0.41578636553638676","0.41578636553638676","0.42%"
"DE","2019","DEU","Germany","Europe","51.165691","10.451526","","","","",""
"VN","2021","VNM","Vietnam","Asia","14.058324","108.277199","2693.0","97338583.0","0.0027666316038317505","0.0027666316038317505","0.00%"
"CZ","2019","CZE","Czech Republic","Europe","49.817492","15.472962","","","","",""
"SB","2021","SLB","Solomon Islands","Oceania","-9.64571","160.156194","19.0","686878.0","0.0027661389649981513","0.0027661389649981513","0.00%"
"SG","2021","SGP","Singapore","Asia","1.352083","103.819836","60653.0","5850343.0","1.0367426320132","1.0367426320132","1.04%"
"TG","2020","TGO","Togo","Africa","8.619543","0.824782","44.0","8278737.0","5.314820364507292E-4","5.314820364507292E-4","0.00%"
"DJ","2020","DJI","Djibouti","Africa","11.825138","42.590275","59.0","988002.0","0.005971647830672408","0.005971647830672408","0.01%"
"HR","2019","HRV","Croatia","Europe","45.1","15.2","","","","",""
"NP","2021","NPL","Nepal","Asia","28.394857","84.124008","280028.0","29136808.0","0.9610798821888795","0.9610798821888795","0.96%"
"SN","2019","SEN","Senegal","Africa","14.497401","-14.452362","","","","",""
"BF","2021","BFA","Burkina Faso","Africa","12.238333","-1.561593","12956.0","20903278.0","0.06198070943705576","0.06198070943705576","0.06%"
"GD","2020","GRD","Grenada","North America","12.262776","-61.604171","9.0","112519.0","0.010664865489384015","0.010664865489384015","0.01%"
"MA","2019","MAR","Morocco","Africa","31.791702","-7.09262","","","","",""
"BH","2021","BHR","Bahrain","Asia","25.930414","50.637772","156462.0","1701583.0","9.195084812201344","9.195084812201344","9.20%"
"GI","2021","GIB","Gibraltar","Europe","36.137741","-5.345374","0","33691.0","0.0","0.0","0.00%"
"SR","2021","SUR","Suriname","South America","3.919305","-56.027783","9302.0","586634.0","1.5856564740536687","1.5856564740536687","1.59%"
"TC","2020","TCA","Turks and Caicos Islands","North America","21.694025","-71.797928","","","","",""
"TW","2020","TWN","Taiwan","Asia","23.69781","120.960515","363.0","23816775.0","0.0015241358244346684","0.0015241358244346684","0.00%"
"CU","2020","CUB","Cuba","North America","21.521757","-77.781167","320.0","11326616.0","0.002825203926750938","0.002825203926750938","0.00%"
"DJ","2019","DJI","Djibouti","Africa","11.825138","42.590275","","","","",""
"GH","2021","GHA","Ghana","Africa","7.946527","-1.023194","91260.0","31072945.0","0.29369601111191745","0.29369601111191745","0.29%"
"HU","2019","HUN","Hungary","Europe","47.162494","19.503304","","","","",""
"DK","2019","DNK","Denmark","Europe","56.26392","9.501785","","","","",""
"HK","2019","HKG","Hong Kong","Asia","22.396428","114.109497","","","","",""
"IE","2019","IRL","Ireland","Europe","53.41291","-8.24389","","","","",""
"SI","2021","SVN","Slovenia","Europe","46.151241","14.995463","226499.0","2078932.0","10.894969147620028","10.894969147620028",""
"SJ","2020","SJM","Svalbard and Jan Mayen","Europe","77.553604","23.670272","","","","",""
"GW","2020","GNB","Guinea-Bissau","Africa","11.803749","-15.180413","9.0","1967998.0","9.146350758486543E-4","9.146350758486543E-4","0.00%"
"TL","2019","TLS","Timor-Leste","Asia","-8.874217","125.727539","","","","",""
"WS","2021","WSM","Samoa","Oceania","-13.759029","-172.104629","3.0","198410.0","0.0015120205634796633","0.0015120205634796633","0.00%"
"BF","2020","BFA","Burkina Faso","Africa","12.238333","-1.561593","345.0","20903278.0","0.001650458841909867","0.001650458841909867","0.00%"
"GD","2021","GRD","Grenada","North America","12.262776","-61.604171","155.0","112519.0","0.13775451257121019","0.13775451257121019","0.14%"
"PR","2019","PRI","Puerto Rico","North America","18.220833","-66.590149","","","","",""
"BJ","2020","BEN","Benin","Africa","9.30769","2.315834","9.0","12123198.0","1.8147026881850813E-4","1.8147026881850813E-4","0.00%"
"IS","2021","ISL","Iceland","Europe","64.963051","-19.020835","6258.0","341250.0","1.833846153846154","1.833846153846154","1.83%"
"SC","2020","SYC","Seychelles","Africa","-4.679574","55.491977","8.0","98340.0","0.01016880211511084","0.01016880211511084","0.01%"
"CO","2019","COL","Colombia","South America","4.570868","-74.297333","","","","",""
"HR","2021","HRV","Croatia","Europe","45.1","15.2","292516.0","4105268.0","7.1253813392938055","7.1253813392938055","7.13%"
"ME","2019","MNE","Montenegro","Europe","42.708678","19.37439","","","","",""
"ML","2020","MLI","Mali","Africa","17.570692","-3.996166","45.0","20250834.0","2.2221307033576986E-4","2.2221307033576986E-4","0.00%"
"NF","2020","NFK","Norfolk Island","Oceania","-29.040835","167.954712","","","","",""
"PK","2019","PAK","Pakistan","Asia","30.375321","69.345116","","","","",""
"RS","2021","SRB","Serbia","Europe","44.016521","21.005859","642208.0","6804596.0","9.437856413518157","9.437856413518157","9.44%"
"BA","2019","BIH","Bosnia and Herzegovina","Europe","43.915886","17.679076","","","","",""
"BS","2021","BHS","Bahamas","North America","25.03428","-77.39628","9364.0","393248.0","2.3811945642444465","2.3811945642444465","2.38%"
"EC","2021","ECU","Ecuador","South America","-1.831239","-78.183406","346817.0","17643060.0","1.9657417704185103","1.9657417704185103","1.97%"
"EH","2020","ESH","Western Sahara","Africa","24.215527","-12.885834","","","","",""
"GS","2019","SGS","South Georgia and the South Sandwich Islands","Antarctica","-54.429579","-36.587909","","","","",""
"HN","2019","HND","Honduras","North America","15.199999","-86.241905","","","","",""
"PL","2019","POL","Poland","Europe","51.919438","19.145136","","","","",""
"PM","2019","SPM","Saint Pierre and Miquelon","North America","46.941936","-56.27111","","","","",""
"WS","2019","WSM","Samoa","Oceania","-13.759029","-172.104629","","","","",""
"GF","2019","GUF","French Guiana","South America","3.933889","-53.125782","","","","",""
"KH","2021","KHM","Cambodia","Asia","12.565679","104.990963","4515.0","16718971.0","0.027005250502557844","0.027005250502557844","0.03%"
"VN","2020","VNM","Vietnam","Asia","14.058324","108.277199","241.0","97338583.0","2.475893860094512E-4","2.475893860094512E-4","0.00%"
"KP","2019","PRK","North Korea","Asia","40.339852","127.510093","","","","",""
"BA","2021","BIH","Bosnia and Herzegovina","Europe","43.915886","17.679076","181927.0","3280815.0","5.545177036803355","5.545177036803355","5.55%"
"FR","2019","FRA","France","Europe","46.227638","2.213749","","","","",""
"LR","2021","LBR","Liberia","Africa","6.428055","-9.429499","2042.0","5057677.0","0.04037426668409232","0.04037426668409232","0.04%"
"MM","2019","MMR","Myanmar [Burma]","Asia","21.913965","95.956223","","","","",""
"TN","2020","TUN","Tunisia","Africa","33.886917","9.537499","574.0","11818618.0","0.00485674382571634","0.00485674382571634","0.00%"
"VG","2019","VGB","British Virgin Islands","North America","18.420695","-64.639968","","","","",""
"BW","2019","BWA","Botswana","Africa","-22.328474","24.684866","","","","",""
"NE","2019","NER","Niger","Africa","17.607789","8.081666","","","","",""
"NI","2020","NIC","Nicaragua","North America","12.865416","-85.207229","6.0","6624554.0","9.057213512034169E-5","9.057213512034169E-5","0.00%"
"SR","2019","SUR","Suriname","South America","3.919305","-56.027783","","","","",""
"VU","2021","VUT","Vanuatu","Oceania","-15.376706","166.959158","3.0","307150.0","9.767214715936839E-4","9.767214715936839E-4","0.00%"
"BN","2019","BRN","Brunei","Asia","4.535277","114.727669","","","","",""
"KW","2021","KWT","Kuwait","Asia","29.31166","47.481766","247094.0","4270563.0","5.785981848294944","5.785981848294944","5.79%"
"LA","2019","LAO","Laos","Asia","19.85627","102.495496","","","","",""
"LK","2020","LKA","Sri Lanka","Asia","7.873054","80.771797","176.0","21413250.0","8.219210068532335E-4","8.219210068532335E-4","0.00%"
"YE","2021","YEM","Yemen","Asia","15.552727","48.516388","5357.0","29825968.0","0.017960858805990805","0.017960858805990805","0.02%"
"LU","2020","LUX","Luxembourg","Europe","49.815273","6.129583","2804.0","625976.0","0.4479404961212571","0.4479404961212571","0.45%"
"TN","2021","TUN","Tunisia","Africa","33.886917","9.537499","271861.0","11818618.0","2.300277409761446","2.300277409761446","2.30%"
"FO","2021","FRO","Faroe Islands","Europe","61.892635","-6.911806","0","48865.0","0.0","0.0","0.00%"
"LC","2019","LCA","Saint Lucia","North America","13.909444","-60.978893","","","","",""
"LS","2019","LSO","Lesotho","Africa","-29.609988","28.233608","","","","",""
"PH","2020","PHL","Philippines","Asia","12.879721","121.774017","3246.0","109581085.0","0.0029621900531464893","0.0029621900531464893","0.00%"
"AZ","2019","AZE","Azerbaijan","Asia","40.143105","47.576927","","","","",""
"BM","2021","BMU","Bermuda","North America","32.321384","-64.75737","0","62273.0","0.0","0.0","0.00%"
"IM","2019","IMN","Isle of Man","Europe","54.236107","-4.548056","","","","",""
"LA","2020","LAO","Laos","Asia","19.85627","102.495496","9.0","7275556.0","1.5119119418502172E-4","1.5119119418502172E-4","0.00%"
"LT","2019","LTU","Lithuania","Europe","55.169438","23.881275","","","","",""
"AE","2019","ARE","United Arab Emirates","Asia","23.424076","53.847818","","","","",""
"AM","2020","ARM","Armenia","Asia","40.069099","45.038189","822.0","2963234.0","0.02773996248693151","0.02773996248693151","0.03%"
"CR","2021","CRI","Costa Rica","North America","9.748917","-83.753428","222544.0","5094114.0","4.36864977894095","4.36864977894095","4.37%"
"KH","2020","KHM","Cambodia","Asia","12.565679","104.990963","114.0","16718971.0","6.818601455795336E-4","6.818601455795336E-4","0.00%"
"KI","2020","KIR","Kiribati","Oceania","-3.370417","-168.734039","","","","",""
"LK","2019","LKA","Sri Lanka","Asia","7.873054","80.771797","","","","",""
"MT","2019","MLT","Malta","Europe","35.937496","14.375416","","","","",""
"TW","2021","TWN","Taiwan","Asia","23.69781","120.960515","1057.0","23816775.0","0.004438048392362106","0.004438048392362106","0.00%"
"VI","2021","VIR","U.S. Virgin Islands","North America","18.335765","-64.896335","","","","",""
"EG","2020","EGY","Egypt","Africa","26.820553","30.802498","985.0","102334403.0","0.00114624209025776","0.00114624209025776","0.00%"
"TF","2019","ATF","French Southern Territories","Antarctica","-49.280366","69.348557","","","","",""
"UZ","2019","UZB","Uzbekistan","Asia","41.377491","64.585262","","","","",""
"HU","2020","HUN","Hungary","Europe","47.162494","19.503304","733.0","9660350.0","0.007587716801151097","0.007587716801151097","0.01%"
"ML","2019","MLI","Mali","Africa","17.570692","-3.996166","","","","",""
"MM","2021","MMR","Myanmar [Burma]","Asia","21.913965","95.956223","142576.0","54409794.0","0.26204105826976665","0.26204105826976665","0.26%"
"MZ","2021","MOZ","Mozambique","Africa","-18.665695","35.529562","68758.0","31255435.0","0.21998733980186166","0.21998733980186166","0.22%"
"TK","2021","TKL","Tokelau","Oceania","-8.967363","-171.855881","","","","",""
"BR","2019","BRA","Brazil","South America","-14.235004","-51.92528","","","","",""
"DZ","2019","DZA","Algeria","Africa","28.033886","1.659626","","","","",""
"ZM","2019","ZMB","Zambia","Africa","-13.133897","27.849332","","","","",""
"IR","2021","IRN","Iran","Asia","32.427908","53.688046","2070141.0","83992953.0","2.464660338826282","2.464660338826282","2.46%"
"CR","2019","CRI","Costa Rica","North America","9.748917","-83.753428","","","","",""
"CR","2020","CRI","Costa Rica","North America","9.748917","-83.753428","454.0","5094114.0","0.008912246565349734","0.008912246565349734","0.01%"
"GN","2019","GIN","Guinea","Africa","9.945587","-9.696645","","","","",""
"IL","2021","ISR","Israel","Asia","31.046051","34.851612","835933.0","8655541.0","9.657778756983532","9.657778756983532","9.66%"
"FJ","2019","FJI","Fiji","Oceania","-16.578193","179.414413","","","","",""
"IN","2021","IND","India","Asia","20.593684","78.96288","13527717.0","1380004385.0","0.9802662329946147","0.9802662329946147","0.98%"
"PT","2021","PRT","Portugal","Europe","39.399872","-8.224454","827494.0","10196707.0","8.115306245437866","8.115306245437866","8.12%"
"SH","2019","SHN","Saint Helena","Africa","-24.143474","-10.030696","","","","",""
"YT","2020","MYT","Mayotte","Africa","-12.8275","45.166244","","","","",""
"BE","2021","BEL","Belgium","Europe","50.503887","4.469936","925476.0","11589616.0","7.985389679865149","7.985389679865149","7.99%"
"BI","2019","BDI","Burundi","Africa","-3.373056","29.918886","","","","",""
"BT","2020","BTN","Bhutan","Asia","27.514162","90.433601","5.0","771612.0","6.479940695582754E-4","6.479940695582754E-4","0.00%"
"PM","2021","SPM","Saint Pierre and Miquelon","North America","46.941936","-56.27111","","","","",""
"JM","2019","JAM","Jamaica","North America","18.109581","-77.297508","","","","",""
"OM","2019","OMN","Oman","Asia","21.512583","55.923255","","","","",""
"SE","2019","SWE","Sweden","Europe","60.128161","18.643501","","","","",""
"BH","2019","BHR","Bahrain","Asia","25.930414","50.637772","","","","",""
"CU","2019","CUB","Cuba","North America","21.521757","-77.781167","","","","",""
"GE","2020","GEO","Georgia","Asia","42.315407","43.356892","174.0","3989175.0","0.004361804132433398","0.004361804132433398","0.00%"
"PH","2019","PHL","Philippines","Asia","12.879721","121.774017","","","","",""
"US","2020","USA","United States","North America","37.09024","-95.712891","351354.0","331002647.0","0.10614839584651418","0.10614839584651418","0.11%"
"GP","2020","GLP","Guadeloupe","North America","16.995971","-62.067641","","","","",""
"IT","2020","ITA","Italy","Europe","41.87194","12.56738","128948.0","60461828.0","0.21327175222026037","0.21327175222026037","0.21%"
"PT","2019","PRT","Portugal","Europe","39.399872","-8.224454","","","","",""
"CI","2021","CIV","Côte d'Ivoire","Africa","7.539989","-5.54708","45206.0","26378275.0","0.17137587654992603","0.17137587654992603","0.17%"
"NA","2021","NAM","Namibia","Africa","-22.95764","18.49041","45527.0","2540916.0","1.7917554141892136","1.7917554141892136","1.79%"
"UA","2019","UKR","Ukraine","Europe","48.379433","31.16558","","","","",""
"BV","2021","BVT","Bouvet Island","Antarctica","-54.423199","3.413194","","","","",""
"BY","2020","BLR","Belarus","Europe","53.709807","27.953389","562.0","9449321.0","0.005947517287220955","0.005947517287220955","0.01%"
"GA","2020","GAB","Gabon","Africa","-0.803689","11.609444","7.0","2225728.0","9.435115162319923E-4","9.435115162319923E-4","0.00%"
"MS","2021","MSR","Montserrat","North America","16.742498","-62.187366","0","4999.0","0.0","0.0","0.00%"
"SV","2020","SLV","El Salvador","North America","13.794185","-88.89653","62.0","6486201.0","9.558754037995431E-4","9.558754037995431E-4","0.00%"
"TT","2019","TTO","Trinidad and Tobago","North America","10.691803","-61.222503","","","","",""
"DZ","2021","DZA","Algeria","Africa","28.033886","1.659626","118516.0","43851043.0","0.27026951217557127","0.27026951217557127","0.27%"
"ID","2019","IDN","Indonesia","Asia","-0.789275","113.921327","","","","",""
"IE","2021","IRL","Ireland","Europe","53.41291","-8.24389","240945.0","4937796.0","4.879606204873591","4.879606204873591","4.88%"
"KE","2021","KEN","Kenya","Africa","-0.023559","37.906193","145670.0","53771300.0","0.2709065988733767","0.2709065988733767","0.27%"
"KR","2019","KOR","South Korea","Asia","35.907757","127.766922","","","","",""
"RS","2019","SRB","Serbia","Europe","44.016521","21.005859","","","","",""
"TJ","2020","TJK","Tajikistan","Asia","38.861034","71.276093","","","","",""
"TR","2021","TUR","Turkey","Asia","38.963745","35.243322","3849011.0","84339067.0","4.563734384208922","4.563734384208922","4.56%"
"CU","2021","CUB","Cuba","North America","21.521757","-77.781167","86531.0","11326616.0","0.7639616280802669","0.7639616280802669","0.76%"
"MG","2019","MDG","Madagascar","Africa","-18.766947","46.869107","","","","",""
"SO","2021","SOM","Somalia","Africa","5.152149","46.199616","12406.0","15893219.0","0.07805844744227082","0.07805844744227082","0.08%"
"TK","2020","TKL","Tokelau","Oceania","-8.967363","-171.855881","","","","",""
"AE","2021","ARE","United Arab Emirates","Asia","23.424076","53.847818","483747.0","9890400.0","4.891076195098277","4.891076195098277","4.89%"
"CD","2021","COD","Congo [DRC]","Africa","-4.038333","21.758664","28542.0","89561404.0","0.03186863841482432","0.03186863841482432","0.03%"
"DE","2020","DEU","Germany","Europe","51.165691","10.451526","96092.0","83783945.0","0.11950141521743815","0.11950141521743815","0.12%"
"DJ","2021","DJI","Djibouti","Africa","11.825138","42.590275","9876.0","988002.0","0.9995931182325541","0.9995931182325541","1.00%"
"GF","2021","GUF","French Guiana","South America","3.933889","-53.125782","","","","",""
"GS","2020","SGS","South Georgia and the South Sandwich Islands","Antarctica","-54.429579","-36.587909","","","","",""
"LI","2020","LIE","Liechtenstein","Europe","47.166","9.555373","77.0","38137.0","0.2019036631093164","0.2019036631093164","0.20%"
"NO","2021","NOR","Norway","Europe","60.472024","8.468946","99249.0","5421242.0","1.9113885711060308","1.9113885711060308","1.91%"
"SY","2019","SYR","Syria","Asia","34.802075","38.996815","","","","",""
"TV","2019","TUV","Tuvalu","Oceania","-7.109535","177.64933","","","","",""
"AS","2021","ASM","American Samoa","Oceania","-14.270972","-170.132217","","","","",""
"BT","2019","BTN","Bhutan","Asia","27.514162","90.433601","","","","",""
"GH","2019","GHA","Ghana","Africa","7.946527","-1.023194","","","","",""
"TL","2021","TLS","Timor-Leste","Asia","-8.874217","125.727539","947.0","1318442.0","0.071827202106729","0.071827202106729","0.07%"
"UM","2019","UMI","U.S. Minor Outlying Islands","North America","","","","","","",""
"MO","2020","MAC","Macau","Asia","22.198745","113.543873","","","","",""
"SD","2019","SDN","Sudan","Africa","12.862807","30.217636","","","","",""
"YE","2019","YEM","Yemen","Asia","15.552727","48.516388","","","","",""
"NZ","2020","NZL","New Zealand","Oceania","-40.900557","174.885971","950.0","4822233.0","0.02154603479342454","0.02154603479342454","0.02%"
"UY","2020","URY","Uruguay","South America","-32.522779","-55.765835","406.0","3473727.0","0.011687734816236278","0.011687734816236278","0.01%"
"FI","2019","FIN","Finland","Europe","61.92411","25.748151","","","","",""
"IT","2019","ITA","Italy","Europe","41.87194","12.56738","","","","",""
"KN","2019","KNA","Saint Kitts and Nevis","North America","17.357822","-62.782998","","","","",""
"BM","2019","BMU","Bermuda","North America","32.321384","-64.75737","","","","",""
"CM","2021","CMR","Cameroon","Africa","7.369722","12.354722","61731.0","26545864.0","0.23254470074886244","0.23254470074886244","0.23%"
"MT","2021","MLT","Malta","Europe","35.937496","14.375416","29614.0","441539.0","6.7069953050579905","6.7069953050579905","6.71%"
"SH","2020","SHN","Saint Helena","Africa","-24.143474","-10.030696","","","","",""
"MP","2019","MNP","Northern Mariana Islands","Oceania","17.33083","145.38469","","","","",""
"MR","2020","MRT","Mauritania","Africa","21.00789","-10.940835","6.0","4649660.0","1.290416933711282E-4","1.290416933711282E-4","0.00%"
"AD","2020","AND","Andorra","Europe","42.546245","1.601554","501.0","77265.0","0.648417782954766","0.648417782954766","0.65%"
"EE","2021","EST","Estonia","Europe","58.595272","25.013607","114174.0","1326539.0","8.606908654777582","8.606908654777582","8.61%"
"MH","2019","MHL","Marshall Islands","Oceania","7.131474","171.184478","","","","",""
"MR","2019","MRT","Mauritania","Africa","21.00789","-10.940835","","","","",""
"MY","2020","MYS","Malaysia","Asia","4.210484","101.975766","3662.0","32365998.0","0.011314342910112025","0.011314342910112025","0.01%"
"NA","2019","NAM","Namibia","Africa","-22.95764","18.49041","","","","",""
"VN","2019","VNM","Vietnam","Asia","14.058324","108.277199","","","","",""
"KM","2020","COM","Comoros","Africa","-11.875001","43.872219","","","","",""
"SI","2019","SVN","Slovenia","Europe","46.151241","14.995463","","","","",""
"SY","2021","SYR","Syria","Asia","34.802075","38.996815","20226.0","17500657.0","0.11557280392387555","0.11557280392387555","0.12%"
"TJ","2019","TJK","Tajikistan","Asia","38.861034","71.276093","","","","",""
"CV","2021","CPV","Cape Verde","Africa","16.002082","-24.013197","19005.0","555988.0","3.4182392425735806","3.4182392425735806","3.42%"
"SO","2020","SOM","Somalia","Africa","5.152149","46.199616","7.0","15893219.0","4.404394100402191E-5","4.404394100402191E-5","0.00%"
"CM","2020","CMR","Cameroon","Africa","7.369722","12.354722","650.0","26545864.0","0.0024485923682875796","0.0024485923682875796","0.00%"
"EG","2021","EGY","Egypt","Africa","26.820553","30.802498","210489.0","102334403.0","0.20568742654413102","0.20568742654413102","0.21%"
"NC","2019","NCL","New Caledonia","Oceania","-20.904305","165.618042","","","","",""
"RE","2020","REU","Réunion","Africa","-21.115141","55.536384","","","","",""
"GN","2020","GIN","Guinea","Africa","9.945587","-9.696645","73.0","13132792.0","9.213577737315873E-4","9.213577737315873E-4","0.00%"
"GQ","2021","GNQ","Equatorial Guinea","Africa","1.650801","10.267895","7219.0","1402985.0","0.514545772050307","0.514545772050307","0.51%"
"PL","2021","POL","Poland","Europe","51.919438","19.145136","2574631.0","37846605.0","6.802805694196349","6.802805694196349","6.80%"
"TM","2019","TKM","Turkmenistan","Asia","38.969719","59.556278","","","","",""
"VI","2020","VIR","U.S. Virgin Islands","North America","18.335765","-64.896335","","","","",""
"AL","2020","ALB","Albania","Europe","41.153332","20.168331","361.0","2877800.0","0.012544304677183959","0.012544304677183959","0.01%"
"DO","2021","DOM","Dominican Republic","North America","18.735693","-70.162651","257698.0","10847904.0","2.375555683383629","2.375555683383629","2.38%"
"ER","2019","ERI","Eritrea","Africa","15.179384","39.782334","","","","",""
"IR","2020","IRN","Iran","Asia","32.427908","53.688046","58226.0","83992953.0","0.06932248232777337","0.06932248232777337","0.07%"
"AR","2019","ARG","Argentina","South America","-38.416097","-63.616672","","","","",""
"CL","2021","CHL","Chile","South America","-35.675147","-71.542969","1076499.0","19116209.0","5.63134144432089","5.63134144432089","5.63%"
"IL","2019","ISR","Israel","Asia","31.046051","34.851612","","","","",""
"SJ","2021","SJM","Svalbard and Jan Mayen","Europe","77.553604","23.670272","","","","",""
"YT","2021","MYT","Mayotte","Africa","-12.8275","45.166244","","","","",""
"CY","2021","CYP","Cyprus","Europe","35.126413","33.429859","51505.0","875899.0","5.880244183404708","5.880244183404708","5.88%"
"ES","2020","ESP","Spain","Europe","40.463667","-3.74922","95923.0","46754783.0","0.2815669147689125","0.2815669147689125","0.28%"
"KH","2019","KHM","Cambodia","Asia","12.565679","104.990963","","","","",""
"LA","2021","LAO","Laos","Asia","19.85627","102.495496","51.0","7275556.0","7.009773548578281E-4","7.009773548578281E-4","0.00%"
"MY","2021","MYS","Malaysia","Asia","4.210484","101.975766","360856.0","32365998.0","1.1149231363111374","1.1149231363111374","1.11%"
"TD","2021","TCD","Chad","Africa","15.454166","18.732207","4636.0","16425859.0","0.028223790305274145","0.028223790305274145","0.03%"
"CN","2020","CHN","China","Asia","35.86166","104.195397","81712.0","1439323774.0","0.005677110423384141","0.005677110423384141","0.01%"
"RW","2019","RWA","Rwanda","Africa","-1.940278","29.873888","","","","",""
"SV","2021","SLV","El Salvador","North America","13.794185","-88.89653","66489.0","6486201.0","1.0250838665036743","1.0250838665036743","1.03%"
"TC","2021","TCA","Turks and Caicos Islands","North America","21.694025","-71.797928","0","38718.0","0.0","0.0","0.00%"
"JP","2020","JPN","Japan","Asia","36.204824","138.252924","3876.0","126476458.0","0.0030646019514556614","0.0030646019514556614","0.00%"
"LB","2019","LBN","Lebanon","Asia","33.854721","35.862285","","","","",""
"SA","2019","SAU","Saudi Arabia","Asia","23.885942","45.079162","","","","",""
"AQ","2020","ATA","Antarctica","Antarctica","-75.250973","-0.071389","","","","",""
"CV","2020","CPV","Cape Verde","Africa","16.002082","-24.013197","7.0","555988.0","0.0012590199788484644","0.0012590199788484644","0.00%"
"LV","2021","LVA","Latvia","Europe","56.879635","24.603189","107608.0","1886202.0","5.705009325618359","5.705009325618359","5.71%"
"BD","2019","BGD","Bangladesh","Asia","23.684994","90.356331","","","","",""
"BZ","2020","BLZ","Belize","North America","17.189877","-88.49765","5.0","397621.0","0.001257478855493045","0.001257478855493045","0.00%"
"GS","2021","SGS","South Georgia and the South Sandwich Islands","Antarctica","-54.429579","-36.587909","","","","",""
"LV","2020","LVA","Latvia","Europe","56.879635","24.603189","533.0","1886202.0","0.028257843009391357","0.028257843009391357","0.03%"
"RE","2019","REU","Réunion","Africa","-21.115141","55.536384","","","","",""
"SC","2019","SYC","Seychelles","Africa","-4.679574","55.491977","","","","",""
"MX","2020","MEX","Mexico","North America","23.634501","-102.552784","2143.0","128932753.0","0.0016621067573109217","0.0016621067573109217","0.00%"
"MO","2021","MAC","Macau","Asia","22.198745","113.543873","0","649342.0","0.0","0.0","0.00%"
"UG","2019","UGA","Uganda","Africa","1.373333","32.290275","","","","",""
"CA","2021","CAN","Canada","North America","56.130366","-106.346771","1067764.0","37742157.0","2.8291016859476263","2.8291016859476263","2.83%"
"CZ","2021","CZE","Czech Republic","Europe","49.817492","15.472962","1580189.0","10708982.0","14.755734952211144","14.755734952211144",""
"NZ","2021","NZL","New Zealand","Oceania","-40.900557","174.885971","2583.0","4822233.0","0.053564396411372076","0.053564396411372076","0.05%"
"SZ","2019","SWZ","Swaziland","Africa","-26.522503","31.465866","","","","",""
"BW","2020","BWA","Botswana","Africa","-22.328474","24.684866","6.0","2351625.0","2.551427204592569E-4","2.551427204592569E-4","0.00%"
"GZ","2019","","Gaza Strip","","31.354676","34.308825","","","","",""
"KE","2019","KEN","Kenya","Africa","-0.023559","37.906193","","","","",""
"MC","2019","MCO","Monaco","Europe","43.750298","7.412841","","","","",""
"PS","2020","PSE","Palestinian Territories","Asia","31.952162","35.233154","237.0","5101416.0","0.0046457689394474","0.0046457689394474","0.00%"
"TH","2021","THA","Thailand","Asia","15.870032","100.992541","32625.0","69799978.0","0.04674070241110964","0.04674070241110964","0.05%"
"JE","2021","JEY","Jersey","Europe","49.214439","-2.13125","0","101073.0","0.0","0.0","0.00%"
"LY","2020","LBY","Libya","Africa","26.3351","17.228331","8.0","6871287.0","2.619596590856997E-4","2.619596590856997E-4","0.00%"
"TF","2021","ATF","French Southern Territories","Antarctica","-49.280366","69.348557","","","","",""
"AU","2021","AUS","Australia","Oceania","-25.274398","133.775136","29419.0","25499881.0","0.11536916584042098","0.11536916584042098","0.12%"
"CG","2020","COG","Congo [Republic]","Africa","-0.228021","15.827659","45.0","5518092.0","8.154992703999861E-4","8.154992703999861E-4","0.00%"
"CN","2019","CHN","China","Asia","35.86166","104.195397","","","","",""
"IS","2020","ISL","Iceland","Europe","64.963051","-19.020835","1486.0","341250.0","0.4354578754578755","0.4354578754578755","0.44%"
"BR","2020","BRA","Brazil","South America","-14.235004","-51.92528","9056.0","212559409.0","0.00523618316985441","0.00523618316985441","0.01%"
"MV","2020","MDV","Maldives","Asia","3.202778","73.22068","19.0","540542.0","0.0035149905095256243","0.0035149905095256243","0.00%"
"UZ","2021","UZB","Uzbekistan","Asia","41.377491","64.585262","84922.0","33469199.0","0.2537317968081638","0.2537317968081638","0.25%"
"IM","2020","IMN","Isle of Man","Europe","54.236107","-4.548056","","","","",""
"NU","2020","NIU","Niue","Oceania","-19.054445","-169.867233","","","","",""
"PE","2021","PER","Peru","South America","-9.189967","-75.015152","1647694.0","32971846.0","4.997275554423007","4.997275554423007","5.00%"
"SG","2020","SGP","Singapore","Asia","1.352083","103.819836","926.0","5850343.0","0.02237475648863665","0.02237475648863665","0.02%"
"SR","2020","SUR","Suriname","South America","3.919305","-56.027783","9.0","586634.0","0.001704640372020715","0.001704640372020715","0.00%"
"UM","2020","UMI","U.S. Minor Outlying Islands","North America","","","","","","",""
"GT","2021","GTM","Guatemala","North America","15.783471","-90.230759","203071.0","17915567.0","1.1334891047545412","1.1334891047545412","1.13%"
"PL","2020","POL","Poland","Europe","51.919438","19.145136","4102.0","37846605.0","0.010838488683463154","0.010838488683463154","0.01%"
"TV","2020","TUV","Tuvalu","Oceania","-7.109535","177.64933","","","","",""
"BB","2019","BRB","Barbados","North America","13.193887","-59.543198","","","","",""
"CD","2019","COD","Congo [DRC]","Africa","-4.038333","21.758664","","","","",""
"IO","2019","IOT","British Indian Ocean Territory","Asia","-6.343194","71.876519","","","","",""
"PG","2020","PNG","Papua New Guinea","Oceania","-6.314993","143.95555","1.0","8947027.0","1.1176897085478785E-5","1.1176897085478785E-5","0.00%"
"SJ","2019","SJM","Svalbard and Jan Mayen","Europe","77.553604","23.670272","","","","",""
"UA","2020","UKR","Ukraine","Europe","48.379433","31.16558","897.0","43733759.0","0.0029908245481482625","0.0029908245481482625","0.00%"
"AO","2019","AGO","Angola","Africa","-11.202692","17.873887","","","","",""
"SI","2020","SVN","Slovenia","Europe","46.151241","14.995463","997.0","2078932.0","0.04795731654522611","0.04795731654522611","0.05%"
"BG","2020","BGR","Bulgaria","Europe","42.733883","25.48583","531.0","6948445.0","0.0076419975980237306","0.0076419975980237306","0.01%"
"VA","2019","VAT","Vatican City","Europe","41.902916","12.453389","","","","",""
"XK","2020","","Kosovo","","42.602636","20.902977","","","","",""
